Date,Name,Year,Letterboxd URI,Rating
2021-01-14,Star Wars,1977,https://boxd.it/72s,4
2021-01-14,Life,2017,https://boxd.it/dRqG,3.5
2021-01-14,Children of Heaven,1997,https://boxd.it/1C5k,4.5
2021-01-14,Reservoir Dogs,1992,https://boxd.it/2agc,5
2021-01-14,Pulp Fiction,1994,https://boxd.it/29Pq,5
2021-01-14,Jumanji,1995,https://boxd.it/1ZLI,5
2021-01-14,Hook,1991,https://boxd.it/29nQ,5
2021-01-14,Lost in Africa,2010,https://boxd.it/2dLM,5
2021-01-14,Phone Booth,2002,https://boxd.it/285G,4
2021-01-14,The Gods Must Be Crazy,1980,https://boxd.it/20eq,4
2021-01-14,Legends of the Fall,1994,https://boxd.it/24ho,5
2021-01-14,Toy Story,1995,https://boxd.it/29qA,1
2021-01-14,The Croods,2013,https://boxd.it/FRE,1
2021-01-14,Lost in Space,1998,https://boxd.it/27ji,4
2021-01-14,The X Files,1998,https://boxd.it/29ta,3.5
2021-01-14,"20,000 Leagues Under the Sea",1954,https://boxd.it/2aXq,3.5
2021-01-14,Inception,2010,https://boxd.it/1skk,3.5
2021-01-14,The Adventures of Pluto Nash,2002,https://boxd.it/1TdU,3.5
2021-01-14,Ski The Outer Limits,1969,https://boxd.it/fm4y,5
2021-01-14,Half the World,1993,https://boxd.it/5o9U,5
2021-01-14,Black Mirror: Nosedive,2016,https://boxd.it/hK9G,5
2021-01-14,Black Mirror: The National Anthem,2011,https://boxd.it/hQYK,3.5
2021-01-14,Black Mirror: The Entire History of You,2011,https://boxd.it/hQZ4,3.5
2021-01-14,Black Mirror: The Waldo Moment,2013,https://boxd.it/hRpQ,3.5
2021-01-14,Black Mirror: Shut Up and Dance,2016,https://boxd.it/hRRq,5
2021-01-14,Black Mirror: Hated in the Nation,2016,https://boxd.it/hSBI,3.5
2021-01-14,Black Mirror: Men Against Fire,2016,https://boxd.it/hSBS,5
2021-01-14,Black Mirror: USS Callister,2017,https://boxd.it/hQXi,4
2021-01-14,Black Mirror: Hang the DJ,2017,https://boxd.it/hQYA,5
2021-01-14,Gautamiputra Satakarni,2017,https://boxd.it/fpMy,2.5
2021-01-14,Final Fantasy: The Spirits Within,2001,https://boxd.it/27pg,3.5
2021-01-14,The Princess Bride,1987,https://boxd.it/26EY,3.5
2021-01-14,Pan's Labyrinth,2006,https://boxd.it/28No,5
2021-01-14,Pirates of the Caribbean: The Curse of the Black Pearl,2003,https://boxd.it/70G,3
2021-01-14,Princess Mononoke,1997,https://boxd.it/2b4w,5
2021-01-14,Moana,2016,https://boxd.it/8tfY,5
2021-01-14,Nausicaä of the Valley of the Wind,1984,https://boxd.it/2bc6,5
2021-01-14,Spirited Away,2001,https://boxd.it/2b4m,4
2021-01-14,My Neighbor Totoro,1988,https://boxd.it/20eA,4.5
2021-01-14,Kiki's Delivery Service,2014,https://boxd.it/7oqg,4
2021-01-14,The Witches,1990,https://boxd.it/1WVg,3
2021-01-14,The Lost Room,2006,https://boxd.it/4m84,5
2021-01-14,Jonathan Strange & Mr Norrell,2015,https://boxd.it/bp7M,3.5
2021-01-14,Return Of Hanuman,2007,https://boxd.it/3TUe,4.5
2021-01-14,Magadheera,2009,https://boxd.it/1yMa,5
2021-01-14,Damarukam,2012,https://boxd.it/4CPI,4
2021-01-14,Bāhubali 2: The Conclusion,2017,https://boxd.it/bMfO,5
2021-01-14,Thiruvilayadal,1965,https://boxd.it/70D6,3
2021-01-14,Ghosts of Mars,2001,https://boxd.it/1Xik,1
2021-01-14,Sunshine,2007,https://boxd.it/28Xy,3
2021-01-14,The Walking Dead,1936,https://boxd.it/1svs,3
2021-01-14,Back to the Future,1985,https://boxd.it/2b8e,5
2021-01-14,Bill & Ted's Excellent Adventure,1989,https://boxd.it/28oI,5
2021-01-14,Time Bandits,1981,https://boxd.it/19KI,2.5
2021-01-14,Edge of Tomorrow,2014,https://boxd.it/4pD0,5
2021-01-14,The Family Man,2000,https://boxd.it/22e8,4
2021-01-14,Sherlock: Case of Evil,2002,https://boxd.it/MU6,5
2021-01-14,Sherlock Holmes,2010,https://boxd.it/1fgE,3.5
2021-01-14,Sherlock Holmes: A Game of Shadows,2011,https://boxd.it/k3S,3
2021-01-14,RangiTaranga,2015,https://boxd.it/bWZC,5
2021-01-14,Mr. Holmes,2015,https://boxd.it/8EBw,3.5
2021-01-14,Phantom 2040: The Ghost Who Walks,1994,https://boxd.it/3yiS,5
2021-01-14,The Dark Knight Rises,2012,https://boxd.it/H3m,3.5
2021-01-14,Se7en,1995,https://boxd.it/29zs,4
2021-01-14,Rajkumar,1996,https://boxd.it/d3qG,5
2021-01-14,The Silence of the Lambs,1991,https://boxd.it/2aHW,5
2021-01-14,The Talented Mr. Ripley,1999,https://boxd.it/2924,3
2021-01-14,Ripley's Game,2002,https://boxd.it/1UZg,4
2021-01-14,Samurai Jack: The Premiere Movie,2001,https://boxd.it/KQQ,4
2021-01-14,The Amazing Spider-Man,2012,https://boxd.it/27PI,4
2021-01-14,Blade,1998,https://boxd.it/1a8A,3.5
2021-01-14,The Last Stand,2013,https://boxd.it/2Eao,2.5
2021-01-14,The Mummy,1999,https://boxd.it/2a7a,3.5
2021-01-14,Operation Scorpio,1992,https://boxd.it/1Gck,3.5
2021-01-14,Baby,2017,https://boxd.it/nKIy,3
2021-01-14,The Hunger Games,2012,https://boxd.it/2uds,3
2021-01-14,Thor,2011,https://boxd.it/1WQU,3.5
2021-01-14,Thor: The Dark World,2013,https://boxd.it/2DqA,3
2021-01-14,Thor: Ragnarok,2017,https://boxd.it/8MHi,2
2021-01-14,Immortal,2006,https://boxd.it/4ZsC,2.5
2021-01-14,Mad Max,1979,https://boxd.it/1Y7i,3.5
2021-01-14,Mad Max 2,1981,https://boxd.it/1ZPg,3.5
2021-01-14,Shocking Dark,1989,https://boxd.it/7DS,3.5
2021-01-14,Tremors,1990,https://boxd.it/1YSe,3.5
2021-01-14,Predator,1987,https://boxd.it/2b84,5
2021-01-14,Predator 2,1990,https://boxd.it/2aY4,3.5
2021-01-14,Predators,2010,https://boxd.it/1d9m,3.5
2021-01-14,Pitch Black,2000,https://boxd.it/26iS,3.5
2021-01-14,The Chronicles of Riddick,2004,https://boxd.it/26iy,5
2021-01-14,Riddick,2013,https://boxd.it/35Jq,2.5
2021-01-14,Mad Max Beyond Thunderdome,1985,https://boxd.it/1YTm,3.5
2021-01-14,Transformers: Dark of the Moon,2011,https://boxd.it/16aC,0.5
2021-01-14,The Quest for Fire Adventure,1982,https://boxd.it/cLOU,2.5
2021-01-14,Interstellar,2014,https://boxd.it/4VZ8,4
2021-01-14,Looper,2012,https://boxd.it/ham,4
2021-01-14,Skyfall,2012,https://boxd.it/17Fc,2.5
2021-01-14,The World Is Not Enough,1999,https://boxd.it/1a94,3.5
2021-01-14,The Empire Strikes Back,1980,https://boxd.it/27Vw,3.5
2021-01-14,Star Wars: The Last Jedi,2017,https://boxd.it/5xme,3.5
2021-01-14,Kill Bill: Vol. 1,2003,https://boxd.it/70w,5
2021-01-14,Zatoichi,1989,https://boxd.it/11gU,3
2021-01-14,The 36th Chamber of Shaolin,1978,https://boxd.it/1SXC,4
2021-01-14,Star Wars: The Force Awakens,2015,https://boxd.it/4vru,3
2021-01-14,My Name Is Nobody,1973,https://boxd.it/1YAE,3
2021-01-14,Mackenna's Gold,1969,https://boxd.it/1Hy2,3.5
2021-01-14,Once Upon a Time in the West,1968,https://boxd.it/2az4,5
2021-01-14,A Fistful of Dollars,1964,https://boxd.it/2auo,4
2021-01-14,For a Few Dollars More,1965,https://boxd.it/29eu,4
2021-01-14,The Hateful Eight,2015,https://boxd.it/8gw8,3.5
2021-01-14,Snatch,2000,https://boxd.it/2b7U,4
2021-01-14,Léon: The Professional,1994,https://boxd.it/2b8S,3.5
2021-01-14,Benji the Hunted,1987,https://boxd.it/1C7U,4
2021-01-14,Thackeray,2019,https://boxd.it/kWRm,4
2021-01-14,Edward Scissorhands,1990,https://boxd.it/2aZc,3
2021-01-14,Gladiator,2000,https://boxd.it/2b9m,3.5
2021-01-14,Ben-Hur,1959,https://boxd.it/29RQ,5
2021-01-14,The Last Samurai,2003,https://boxd.it/29ZA,5
2021-01-14,Samrat Chandragupt,1958,https://boxd.it/9zai,4
2021-01-14,Rudhramadevi,2015,https://boxd.it/a9Zm,2.5
2021-01-14,Bajirao Mastani,2015,https://boxd.it/ck2O,4
2021-01-14,Manikarnika,2017,https://boxd.it/kkAC,4
2021-01-14,Lokmanya: Ek Yug Purush,2015,https://boxd.it/aapO,4
2021-01-14,Lincoln,2012,https://boxd.it/2n2s,4
2021-01-14,Jobs,2013,https://boxd.it/3RcY,5
2021-01-14,Heaven and Earth,1994,https://boxd.it/7KFC,5
2021-01-14,Death of a Tea Master,1989,https://boxd.it/1RWe,4
2021-01-14,Mankatha,2011,https://boxd.it/2EwE,5
2021-01-14,Mozart and Salieri,1962,https://boxd.it/dMXK,5
2021-01-14,Anand,1971,https://boxd.it/1uhM,5
2021-01-14,Ikiru,1952,https://boxd.it/251c,5
2021-01-14,Taxi Driver,1976,https://boxd.it/2b8y,5
2021-01-14,Up!,1976,https://boxd.it/2wvy,5
2021-01-14,Border,1997,https://boxd.it/1g3w,3.5
2021-01-14,Uri: The Surgical Strike,2019,https://boxd.it/kgWk,4
2021-01-14,Star Trek: First Contact,1996,https://boxd.it/2aTo,5
2021-01-14,Star Trek: Nemesis,2002,https://boxd.it/2aT4,4
2021-01-14,Star Trek II: The Wrath of Khan,1982,https://boxd.it/2b0u,2.5
2021-01-14,Serenity,2005,https://boxd.it/1Km4,5
2021-01-14,Planet of the Apes,1968,https://boxd.it/29p8,3.5
2021-01-14,Rise of the Planet of the Apes,2011,https://boxd.it/cS4,3
2021-01-14,Dawn of the Planet of the Apes,2014,https://boxd.it/3XyQ,3
2021-01-14,War for the Planet of the Apes,2017,https://boxd.it/8FE2,2.5
2021-01-14,Contagion,2011,https://boxd.it/13rq,2.5
2021-01-14,K-PAX,2001,https://boxd.it/2aYo,4
2021-01-14,Arrival,2016,https://boxd.it/aNGk,3
2021-01-14,Epoch,2001,https://boxd.it/1Ee4,2.5
2021-01-14,The Matrix,1999,https://boxd.it/2a1m,5
2021-01-14,Doppelgänger,1969,https://boxd.it/11OM,2.5
2021-01-14,Children of Men,2006,https://boxd.it/1Y2i,2.5
2021-01-14,The Hobbit: An Unexpected Journey,2012,https://boxd.it/GZk,1.5
2021-01-14,The Lord of the Rings: The Fellowship of the Ring,2001,https://boxd.it/2b5O,3.5
2021-01-14,Game of Thrones - Conquest & Rebellion: An Animated History of the Seven Kingdoms,2017,https://boxd.it/hKwg,5
2021-01-14,Mohalla Assi,2018,https://boxd.it/c45W,5
2021-01-14,Life of Pi,2012,https://boxd.it/37pC,5
2021-01-14,The Legend of Bagger Vance,2000,https://boxd.it/23zQ,5
2021-01-14,East Side Sushi,2014,https://boxd.it/7AUW,5
2021-01-14,Old Boys,2010,https://boxd.it/30W,5
2021-01-14,GoodFellas,1990,https://boxd.it/29FA,3.5
2021-01-14,Mirzapur on Prime,2020,https://boxd.it/stSm,4
2021-01-14,The Truman Show,1998,https://boxd.it/18U8,4
2021-01-14,The Pagan Queen,2009,https://boxd.it/Mzs,4
2021-01-14,Ghost Dog: The Way of the Samurai,1999,https://boxd.it/23Ne,4.5
2021-01-14,A Life Apart: Hasidism in America,1998,https://boxd.it/1DK4,4.5
2021-01-14,Thithi,2015,https://boxd.it/c2cc,5
2021-01-14,Fight Club,1999,https://boxd.it/2a9q,5
2021-01-14,Black Panther,2018,https://boxd.it/8MHs,4
2021-01-14,Bicycle Thieves,1948,https://boxd.it/23hW,5
2021-01-14,The Man from Earth,2007,https://boxd.it/1Ql2,3.5
2021-01-14,The PHD movie,2011,https://boxd.it/2BBc,5
2021-01-14,Violent Cop,1989,https://boxd.it/1Rym,4
2021-01-14,Mr. Smith Goes to Washington,1939,https://boxd.it/25Ms,5
2021-01-14,American Beauty,1999,https://boxd.it/71Y,5
2021-01-14,Requiem for a Dream,2000,https://boxd.it/29VI,5
2021-01-14,Sankarabharanam,1979,https://boxd.it/1lZq,5
2021-01-14,Saptapadi,1981,https://boxd.it/e8G2,5
2021-01-14,Swarnakamalam,1988,https://boxd.it/2U00,4
2021-01-14,Ananda Bhairavi,1983,https://boxd.it/oHmQ,5
2021-01-14,Paithrukam,1992,https://boxd.it/5RAg,5
2021-01-14,Rebel Without a Cause,1955,https://boxd.it/2aQu,5
2021-01-14,The Kite Runner,2007,https://boxd.it/20IK,4
2021-01-14,Hamsageethe,1975,https://boxd.it/93hQ,4.5
2021-01-14,"Tlalocan, Under The City Of Gods",,https://boxd.it/lysa,3.5
2021-01-14,12 Angry Men,1957,https://boxd.it/2auI,5
2021-01-14,Django Unchained,2012,https://boxd.it/2cCk,4
2021-01-14,Being There,1979,https://boxd.it/1WxS,5
2021-01-14,The Book Thief,2013,https://boxd.it/67wO,3
2021-01-14,The Big Lebowski,1998,https://boxd.it/2b6C,5
2021-01-14,The Seventh Seal,1957,https://boxd.it/2ahO,4
2021-01-14,V for Vendetta,2005,https://boxd.it/29Ik,4.5
2021-01-14,Brazil,1985,https://boxd.it/2be2,4
2021-01-14,A Clockwork Orange,1971,https://boxd.it/2aVE,5
2021-01-14,Total Recall,2012,https://boxd.it/Ro,5
2021-01-14,The Manchurian Candidate,2004,https://boxd.it/1O2M,3.5
2021-01-14,One Flew Over the Cuckoo's Nest,1975,https://boxd.it/2aeA,5
2021-01-14,The Bourne Supremacy,2004,https://boxd.it/26EE,5
2021-01-14,The Bourne Ultimatum,2007,https://boxd.it/26Eu,3.5
2021-01-14,Khosla Ka Ghosla!,2006,https://boxd.it/1Mie,5
2021-01-14,Othello,1951,https://boxd.it/K5A,5
2021-01-14,Hamlet,1996,https://boxd.it/1VZc,4
2021-01-14,The Last of the Mohicans,1992,https://boxd.it/1YSo,5
2021-01-14,Xuan Zang,2016,https://boxd.it/ebIq,3.5
2021-01-14,Tanhaji: The Unsung Warrior,2020,https://boxd.it/lwf4,4
2021-01-14,Hirkani,2019,https://boxd.it/ogky,4
2021-01-14,Panipat,2019,https://boxd.it/ldjw,3.5
2021-01-14,Beladingala baale,1995,https://boxd.it/ewu0,5
2021-01-14,Godhi Banna Sadharana Mykattu,2016,https://boxd.it/e8aA,3.5
2021-01-14,Ondu Motteya Kathe,2017,https://boxd.it/h2iE,4
2021-01-14,Delivery Man,2013,https://boxd.it/4E5M,3.5
2021-01-14,Mortuary,2005,https://boxd.it/1OvE,3.5
2021-01-14,Casablanca,1942,https://boxd.it/2aG0,5
2021-01-14,The Sound of Music,1965,https://boxd.it/1MLK,5
2021-01-14,Life as a House,2001,https://boxd.it/1TO2,4
2021-01-14,Eternal Sunshine of the Spotless Mind,2004,https://boxd.it/6YK,5
2021-01-14,The Great Passage,2016,https://boxd.it/slI4,5
2021-01-14,Borat: Cultural Learnings of America for Make Benefit Glorious Nation of Kazakhstan,2006,https://boxd.it/2agQ,5
2021-01-14,The Dictator,2012,https://boxd.it/2DEW,5
2021-01-14,The Blues Brothers,1980,https://boxd.it/2adi,2.5
2021-01-14,The Three Stooges,2012,https://boxd.it/2DFA,5
2021-01-14,Sons of the Desert,1933,https://boxd.it/VdA,5
2021-01-14,Carry On Doctor,1967,https://boxd.it/23oI,4
2021-01-14,The Gods Must Be Crazy II,1989,https://boxd.it/1SJ6,3.5
2021-01-14,Back to the Future Part II,1989,https://boxd.it/2aYI,5
2021-01-14,Back to the Future Part III,1990,https://boxd.it/2aTS,5
2021-01-14,Bill & Ted's Bogus Journey,1991,https://boxd.it/28oy,4
2021-01-14,Return of the Jedi,1983,https://boxd.it/27Vm,4
2021-01-14,Kill Bill: Vol. 2,2004,https://boxd.it/2au4,5
2021-01-14,Shrek 2,2004,https://boxd.it/29z8,5
2021-01-14,Bean,1997,https://boxd.it/28WA,3
