Date,Name,Year,Letterboxd URI,Rating,Rewatch,Review,Tags,Watched Date
2021-01-14,Life,2017,https://boxd.it/1Au19P,3.5,,surprising adaptations shown,,2021-01-14
2021-01-14,Children of Heaven,1997,https://boxd.it/1Au19Z,4.5,,"Bacheha-Ye aseman.
  After a boy loses his sister's pair of shoes, he goes on a series of adventures in order to find them. When he can't, he tries a new way to ""win"" a new pair.",,2021-01-14
2021-01-14,Reservoir Dogs,1992,https://boxd.it/1Au1a9,5,,"a heist gone wrong due to a mole, varied responses to same situation from intelligent characters, surreal situations related non-linearly. this is art, 4/4.",,2021-01-14
2021-01-14,Pulp Fiction,1994,https://boxd.it/1Au1aj,5,,"much stylish violence, gripping dialogues from intelligent characters and surreal situations related non-linearly. this is art, 4/4.",,2021-01-14
2021-01-14,Jumanji,1995,https://boxd.it/1Au1at,5,,crazy dice game,,2021-01-14
2021-01-14,Hook,1991,https://boxd.it/1Au1aD,5,,peter pan and neverland,,2021-01-14
2021-01-14,Lost in Africa,2010,https://boxd.it/1Au1aN,5,,native tribesman avenging father in savanna with spear and lion,,2021-01-14
2021-01-14,The Rock,1996,https://boxd.it/1Au1aX,,,mi6 agent leads agents back to old prison,,2021-01-14
2021-01-14,Phone Booth,2002,https://boxd.it/1Au1b7,4,,sniper tries to teach man morals the hard way,,2021-01-14
2021-01-14,Gangs of New York,2002,https://boxd.it/1Au1bh,,,natives vs immigrants during civil war era.,,2021-01-14
2021-01-14,Rockstar,2011,https://boxd.it/1Au1br,,,stardom vs true self expression and love with great music.,,2021-01-14
2021-01-14,Three Fugitives,1989,https://boxd.it/1Au1bB,,,repentant kidnapper kidnapped by bungling burgler,,2021-01-14
2021-01-14,Legends of the Fall,1994,https://boxd.it/1Au1bL,5,,"3 sons of an disenchanted American general live with a Red Indian, one of which has an Red Indian way of being, go to WW1, two return, take wives they knew, one bootlegs,the Indian son has adventures, looses wife to gangsters, gets vengence, dies a good death hunting. The Indian son, who lives by his irrational heart is compelling due to lack of inner conflict experienced by his upstanding American sibling - for he understands vengence and disregards bad laws. 4/4.",,2021-01-14
2021-01-14,Teletubbies: Big Hug!,2004,https://boxd.it/1Au1cz,,,very cute.,,2021-01-14
2021-01-14,Toy Story,1995,https://boxd.it/1Au1cJ,1,,a kid's toys rescue each other from trouble.,,2021-01-14
2021-01-14,The Croods,2013,https://boxd.it/1Au1cT,1,,Caveman family who hate novelty and risk-taking change their mind after meeting an idea man.,,2021-01-14
2021-01-14,The General,1926,https://boxd.it/1Au1d3,,,A small team encounters strange interesting situations. It is interesting to see how the various characters interact and deal with them. There may be an overall arc concerning wars and battles.,,2021-01-14
2021-01-14,Inception,2010,https://boxd.it/1Au1dd,3.5,,"master who conspires to share dreams his team creates in order to steal information or plant ideas does a tough job with 3+1 dream levels, good fantasy adventure 4/4.",,2021-01-14
2021-01-14,The Adventures of Pluto Nash,2002,https://boxd.it/1Au1dn,3.5,,"moon enterpreuner, gf and robot face evil clone",,2021-01-14
2021-01-14,Ski The Outer Limits,1969,https://boxd.it/1Au1dR,5,,4/4. self-contained suspenseful stories -with some lessons.,,2021-01-14
2021-01-14,Half the World,1993,https://boxd.it/1Au1e1,5,,4/4. self-contained suspenseful moral stories from the 50's.,,2021-01-14
2021-01-14,Black Mirror: Nosedive,2016,https://boxd.it/1Au1eb,5,,"People rate each other on a social app all the time leading to rampant fakeness and fragility, with rare exceptions. How much do we care for others' evaluations?",,2021-01-14
2021-01-14,Black Mirror: The National Anthem,2011,https://boxd.it/1Au1el,3.5,,PM fucks pig on TV under threat from terrorist who has a popular princess. Media is unscrupulous. Politicians and their cohort relying on polls rather than their own principles. Weak princesses.,,2021-01-14
2021-01-14,Black Mirror: The Entire History of You,2011,https://boxd.it/1Au1eF,3.5,,"A fake person is created using all the online activity of a recently dead spouse. The partner ultimately gets over it, detecting the difference between the real and fake personas.",,2021-01-14
2021-01-14,Black Mirror: The Waldo Moment,2013,https://boxd.it/1Au1eP,3.5,,"A cartoon character which stands for nothing but swears and mocks at everything participates in local elections, to the amusement people fed up with/ not caring about politics.",,2021-01-14
2021-01-14,Black Mirror: Shut Up and Dance,2016,https://boxd.it/1Au1eZ,5,,Perils of social network shaming,,2021-01-14
2021-01-14,Black Mirror: Hated in the Nation,2016,https://boxd.it/1Au1f9,3.5,,Drone bees go wild.,,2021-01-14
2021-01-14,Black Mirror: Men Against Fire,2016,https://boxd.it/1Au1fj,5,,Brain implants in soldiers dehumanize target children,,2021-01-14
2021-01-14,Black Mirror: USS Callister,2017,https://boxd.it/1Au1ft,4,,"Mild MMPORG game dev CTO much crossed by colleagues has a mod where he uploads copies of coworkers (using their DNA) and mistreats them as he enacts a USS Callister fantasy. Much suspence. Great vIra-rasa, karuNam, bhIbhatsa as well. DNA-uploaded characters knowing information and memories of their real-life counterparts is an absurd but minor weak-link.",,2021-01-14
2021-01-14,Black Mirror: Hang the DJ,2017,https://boxd.it/1Au1fD,5,,"Match making device called ""coach"" matches couples for certain period of time - 12h, 9 mo, 1 yr, 12h etc.. until a ""perfect match"" is predicted. A certain couple happy at their first allotted 24h meet keep wanting to get back to each other - and finally rebel and climb out of the city. Their entire experience turns out to be of of 1k simulations. In the real world, this has been used to make a match. Good suspence. Good shRngAra.",,2021-01-14
2021-01-14,Gautamiputra Satakarni,2017,https://boxd.it/1Au1fN,2.5,,"A few hitorical details. Some memorable patriotic and pro-xAtra dialogues. Dumb action sequences, bad choice of hero actor.",,2021-01-14
2021-01-14,Final Fantasy: The Spirits Within,2001,https://boxd.it/1Au1fX,3.5,,lilu the perfect one,,2021-01-14
2021-01-14,Highlander,1986,https://boxd.it/1Au1g7,,,an immortal scots swordsman's adventures in the modern world.,,2021-01-14
2021-01-14,The Princess Bride,1987,https://boxd.it/1Au1gh,3.5,,"While home sick in bed, a young boy's grandfather reads him the story of a farmboy-turned-pirate who encounters numerous obstacles, enemies and allies in his quest to be reunited with his true love. 
Memorable characters: Ingio Montoya after revenge, the pirate, the giant, clever kidnapper, evil prince, evil torturer baron",,2021-01-14
2021-01-14,Pan's Labyrinth,2006,https://boxd.it/1Au1gr,5,,"In the real world: Spain of 1944, rebels vs Franco's folks. A honorable but ruthless Francoist army officer surrounds rebels in the hills. There is some torture and betrayal, associated drama leading to the units destruction despite the officer's efforts. His just-arrived step daughter (the incarnation of a princess of the underworld) escapes into a captivating fantasy world, drawn by Pan and his grasshopper like fairy-s. She has 3 adventure tests (the final being a test of lack of greed, finally dies and joins the underworld. ""Only men like you can follow orders just for the the sake of it."" - Doctor before death. https://www.facebook.com/groups/padyadhaaraa/permalink/434117286793080/",,2021-01-14
2021-01-14,Reign of Fire,2002,https://boxd.it/1Au1gB,,,hunt for the sole main dragon,,2021-01-14
2021-01-14,Pirates of the Caribbean: The Curse of the Black Pearl,2003,https://boxd.it/1Au1gL,3,,"Nautical, acrobatically adept sword fighters in a maritime adventure, contrived situations",,2021-01-14
2021-01-14,Princess Mononoke,1997,https://boxd.it/1Au1gV,5,,"Adventurer seeking to lift a curse from killing a hate twisted boar collaborates with Mononoke-hime of the enchanted forest to rescue the forest spirit beheaded by a collaboration of bounty hunters and miners with guns (made of rescued prostitutes and other males, led by female). This is art. Beautiful.",,2021-01-14
2021-01-14,Moana,2016,https://boxd.it/1Au1h5,5,,"In Ancient Polynesia, when a terrible curse incurred by the Demigod Maui reaches Moana's island, she answers the Ocean's call to seek out the Demigod to set things right. 

Beautiful sentiments - heeding one's heart (Moana) vs tradition (her father) vs deep tradition (her grandmother). There is a hidden environmental message here. The classic hero's quest. Gave me the same feeling as watching Monoke Hime and Return of hanuman! Would love to watch an authentic Polynesian production, but even with the imagineered version my toddler son did fold hands in salute to Maui and the ocean god.",,2021-01-14
2021-01-14,Nausicaä of the Valley of the Wind,1984,https://boxd.it/1Au1hJ,5,,"After an apocalyptic war, toxic jungle spreads accross the earth, in the bowels of which the earth heals itself. This forest is defended by Ohm worms. Nausicaa of the valley of the wind rescues the Ohm worm captured by the miltaristic state, which is trying to revive a war robot - and foils their plan. The Ohm return her to life with their mysterious golden tentacle powers.",,2021-01-14
2021-01-14,Spirited Away,2001,https://boxd.it/1Au1hT,4,,"A little jap girl and parents enter the spirit/ kAmi world. The girl passes through many adventures, rescues parents, makes people happy, finds puppy love, returns.",,2021-01-14
2021-01-14,My Neighbor Totoro,1988,https://boxd.it/1Au1i3,4.5,,"Two girls missing their mother in the countryside befriend a benevolent wood-spirit Totoro (which only they see) and its multi legged cat bus; which helps them be happy.

Shows life of little kids in rural post war japan well.",,2021-01-14
2021-01-14,Kiki's Delivery Service,2014,https://boxd.it/1Au1id,4,,"13 yr old witch starts a new delivery business in a new city - has a great adventure, making new kind friends (painter in the woods, a baker couple, a plane-enthusiast boy, an old woman). Looses magic and the ability to fly when flying becomes a chore. Then regains it once she enjoys it again with the encouragement of friends when the boy is caught in a stuck dirigible! Simple dreams, kind people, communicates thrill and the importance of keeping in touch with one's passion.",,2021-01-14
2021-01-14,The Witches,1990,https://boxd.it/1Au1in,3,,"Nice kid movie. Kid transformed to mouse, forewarned by grandmother, turns the grand witch's plot to turn every kid into a mouse on the witches attending the convention themselves.",,2021-01-14
2021-01-14,The Lost Room,2006,https://boxd.it/1Au1ix,5,,"Once a typical room at a 1960s motel along U.S. Route 66, the Lost Room has existed outside of normal time and space since 1961, when what is referred to only as ""the Event"" took place. Miller got a key to this room, letting him move instantly from any door to another in the world! He must rescue his daughter stuck there by finding items from the room (which possess magic powers).",,2021-01-14
2021-01-14,Jonathan Strange & Mr Norrell,2015,https://boxd.it/1Au1iH,3.5,,"In England during the Napoleanic wars, Dr Norell and Mr Strange revive English magic, become rivals, as prophesized by the Raven King. This brings a fairy who likes making people his servants to our realm, putting him in mild conflict with the magicians.",,2021-01-14
2021-01-14,Return Of Hanuman,2007,https://boxd.it/1Au1j1,4.5,,"hanumAn returns to earth to help a bullied kid and other humans; ends up saving humanity (depicted as becoming asura-s) from the fruits of their karma (esp pollution of prakRti) from destroying them as the praLaya. Respectful to and oft consistent with the deva-s, RShi-s and the purANa-s - while injecting fun especially through modern references.",,2021-01-14
2021-01-14,Magadheera,2009,https://boxd.it/1Au1jb,5,,"A love triangle involving a princess, an evil senApati and a good warrior continues after their rebirth 400 years later in the modern age; involving a muslim conqueror, the betraying senApati, the reluctant king, bad omens, assisting magicians. The bhAva-s are wonderful. Plot is great.",,2021-01-14
2021-01-14,Damarukam,2012,https://boxd.it/1Au1jl,4,,"andhakAsura, trying to control the five bhUta-s tries to marry a special girl at the appointed muhUrta. But is thwarted by a mortal with help from shankara, who makes an appearance as a human. shiva's human form, dialogs and gentle actions are superb projection of shivaness in human form. Super opening scene. A good dRShya-kAvya.",,2021-01-14
2021-01-14,Bāhubali 2: The Conclusion,2017,https://boxd.it/1Au1jv,3.5,,"Classic tale of a lost prince of a popular kShatriya, fostered to youth by forest dwellers, seeks vengence, finding love in a rebel. Interesting battle scenes. Great special effects, but quite predictable. The only rasa that flowed well for me was the spirit of competition between bAhubalI and his rival.",,2021-01-14
2021-01-14,Bāhubali 2: The Conclusion,2017,https://boxd.it/1Au1jF,5,,"Greed, selfishness and vanity vs heartiness, love and honor set in with fine hindu kingdoms in the background Splendid, riveting special effects! Riveting plot! Flights of the imagination!",,2021-01-14
2021-01-14,Thiruvilayadal,1965,https://boxd.it/1Au1jP,3,,"various shivaliilaa tales narrated by pArvatI to muruga Full of Dravidian/ Tamil and feminist political propaganda, spoils the spirit of poetry, mocks brAhmaNa-s, special effects are mediocre and doesn't even get the stories straight (dAkShAyaNI and shiva fight!??). On the plus side, the structure is good - tale within tale, shivaliilaa theme fits well, dialogues are intelligent, some rasa oozes out here and there (although ostentatiously).",,2021-01-14
2021-01-14,Ghosts of Mars,2001,https://boxd.it/1Au1jZ,1,,stupid. 1/4.,,2021-01-14
2021-01-14,Wolf,1994,https://boxd.it/1Au1k9,,,3 become werewolves,,2021-01-14
2021-01-14,Paycheck,2003,https://boxd.it/1Au1kj,,,memory erased engineer unmakes time machine,,2021-01-14
2021-01-14,Twelve Monkeys,1995,https://boxd.it/1Au1kt,,,bad plague blamed on wrong group cant be stopped despite time travel,,2021-01-14
2021-01-14,Time Bandits,1981,https://boxd.it/1Au1kD,2.5,,"6 dwarves and a boy use a map of the defects in the universe (holes for time travel) for loot and adventure, with a final facedown with imprisoned satan who wants to get a hold of it (all this arranged by the creator as a test). Stupid.",,2021-01-14
2021-01-14,Edge of Tomorrow,2014,https://boxd.it/1Au1kN,5,,"A reluctant soldier accompanies a more experienced female soldier in a series of time-loops (whose memories he retains) during a fight with alien invaders (who are near-unbeatable because they use a similar time-loop to fix errors in their strategies). After a close contest, he manages to kill the alien queen.",,2021-01-14
2021-01-14,Murder on the Orient Express,2017,https://boxd.it/1Au1kX,,,poirot discovers an execution by 12 people involved in the armstrong case foils their attempt to fool him,,2021-01-14
2021-01-14,A Murder of Crows,1998,https://boxd.it/1Au1l7,,,lawyers get murdered.. according to stolen script published by a lawyer,,2021-01-14
2021-01-14,Sherlock: Case of Evil,2002,https://boxd.it/1Au1lh,5,,"4/4. contemporary reimagination of texting, cocaine-patch using Sherlock Holmes, and gay Moriarty 4/4.",,2021-01-14
2021-01-14,Sherlock Holmes,2010,https://boxd.it/1Au1lr,3.5,,the squabbling pair with Irine Adler and interfering Moriarty take down pretend-magician of secret society,,2021-01-14
2021-01-14,Sherlock Holmes: A Game of Shadows,2011,https://boxd.it/1Au1lB,3,,more action than deduction,,2021-01-14
2021-01-14,RangiTaranga,2015,https://boxd.it/1Au1lL,5,,"a mysterious writer with pregnant wife and memory loss prior to 7 years, sought by a desparate journalist comes to her haunted house to perform a bhUta-pUjA - only to be attacked by mistake, have his wife kidnapped, locked up by an irate but slightly corrupt cop, befriended by a postmaster-teacher pair, witness to illegal sand extraction. Wife's kidnapping seems connected to guDDada-bhUta which causes people to die or go missing during a certain period every year. Once the journalist catches up with him, truth begins to unravel. His wife, the journalist, the postmaster, the village doctor - none of them are what they seem. In the climax, the wife is rescued, and all is well - thanks to a sacrifice we learn of in the end. Brilliant - surprise after surprise. One falsified hypothesis leads to another.",,2021-01-14
2021-01-14,Mr. Holmes,2015,https://boxd.it/1Au1lV,3.5,,"Senile dying Sherlock somehow gains redemption by understanding and making up for his mistake in the last case - stating the facts without caring for emotions or making a comforting story. Tries to remember hard - gets strange herbs, still retains some of his awesome detective abilities. A jarring insult to Japanese sensibilities - to imply that a diplomat chose to serve the British Empire and not return home. Otherwise quite sweet.",,2021-01-14
2021-01-14,Murder on the Orient Express,1974,https://boxd.it/1Au1m5,,,based on Agatha Christie's work good series.,,2021-01-14
2021-01-14,Kindergarten Cop,1990,https://boxd.it/1Au1mf,,,finding a witness while undercover as kinter teacher,,2021-01-14
2021-01-14,Phantom 2040: The Ghost Who Walks,1994,https://boxd.it/1Au1mp,5,,"the ghost who walks equipped with magical gizmos, a green warrior in a dying world, with men as computer programs and machine integration 4/4., good fantasy adventure.",,2021-01-14
2021-01-14,The Dark Knight Rises,2012,https://boxd.it/1Au1mz,3.5,,"Joker twists DA Harvey into Scarface, kills people with impunity - for chaos in contempt for scheming, not money. Two ferrys refuse to blow each other up in a 'prisoner's dilemma' game. Batman takes the fall for Harvey to keep Gotham spirit up.",,2021-01-14
2021-01-14,Witchblade,2000,https://boxd.it/1Au1mJ,,,a female detective equipped with an armor producing bracelet,,2021-01-14
2021-01-14,Se7en,1995,https://boxd.it/1Au1mT,4,,"A very skilled serial killer with no history tries bring the 7 deadly sins to general attention by his art. A cynical retiring smart cultured detective, and a brash colleague tackle him. Manipulating the brash guy into his art in the end.",,2021-01-14
2021-01-14,Hackers,1995,https://boxd.it/1Au1n3,,,baad hacker frames good misunderstood hackers who unframe themselves,,2021-01-14
2021-01-14,Tsubaki Sanjûrô,2007,https://boxd.it/1Au1nx,,,clever sword-skilled ronin helps young foolish unskilled noblemen in exposing a corrupt superintendant.,,2021-01-14
2021-01-14,The Hidden Fortress,1958,https://boxd.it/1Au1nH,,,"with sacrifice of other samurAi and attendants along the way, samurAi escorting sole survivor princess of defeated clan and clan gold exploits greed of bungling pesants to reach allies contrast the silly greed and lack of trust of the pesants with the sacrifice and effectiveness of samurAi.",,2021-01-14
2021-01-14,Amélie,2001,https://boxd.it/1Au1nR,,,a french secret do-gooder shyly finds love interesting.,,2021-01-14
2021-01-14,Face/Off,1997,https://boxd.it/1Au1o1,,,clever terrorist et clever cop,,2021-01-14
2021-01-14,Ocean's Twelve,2004,https://boxd.it/1Au1ob,,,thief gang competes with outwitting master thief under grandmaster's guidence,,2021-01-14
2021-01-14,Rajkumar,1996,https://boxd.it/1Au1ol,5,,based on romantically obsessed Nepali prince dipendra who massacred family. 4/4.,,2021-01-14
2021-01-14,The Silence of the Lambs,1991,https://boxd.it/1Au1ov,5,,"cannibal hannibal lecter escapes, a female detective is on his trail fails to catch him. 4/4.",,2021-01-14
2021-01-14,The Talented Mr. Ripley,1999,https://boxd.it/1Au1oF,3,,A web of lies weaved by the spider comes close to trapping it. The spider only escapes by murder after murder. AdhArmika-vIra - a very selfish individual - very disturbing. Constant fear of being caught. dramatic tension.,,2021-01-14
2021-01-14,Ripley's Game,2002,https://boxd.it/1Au1oP,4,,"the unperturbable criminal with flair. This film set in Europe, where one of the characters, a calm professional killer, out of some minor grouse, sets up his neighbor to do a hit job after fooling him into thinking that he is terminally ill. The killing happens on a train. When retribution comes to the neighbor, the calm killer defends the house and kills the invaders. The neighbor dies in the process, saving him! In a memorable final scene, the killer's wife spits on his face after she understands what happened, he just wipes it off with a window blind and goes away to attend his wife's concert.",,2021-01-14
2021-01-14,Doctor Who,1996,https://boxd.it/1Au1oZ,,,"Plot The hero is a highly creative genius TimeLord endowed with knowledge, resources and dharma. The episodes are fast paced, coherent adventures in various points in space-time, where the Doctor is placed in crisis situations. Effect on viewer Effects of watching adventure flicks are naturally observed. There is also the intellectual stimulation of observing the clever Doctor solving puzzles like Sherlock Holmes. Inspiration one can draw from this The Doctor's ability to enjoy himself in nearly all situations [the result of a strong dharma-lagnatA] , his insatiable curiosity and creativity. Pre-2005 versions of Doctor Who was less dynamic, special effects were primitive leading to a worse show. Few episodes are good, many are silly.",,2021-01-14
2021-01-14,The Amazing Spider-Man,2012,https://boxd.it/1Au1p9,4,,"Teenage Chris parker gets bitten by a spider, makes add-on machines, becomes spiderman, sees uncle die. Emotionally moving - bullying, reconciliation, teenage love, enjoyment of new-found power, teenage-confusion (who am I).",,2021-01-14
2021-01-14,The League of Extraordinary Gentlemen,2003,https://boxd.it/1Au1pj,,,nemo and victorian heroes fight villan,,2021-01-14
2021-01-14,True Lies,1994,https://boxd.it/1Au1pt,,,spy arnie gives his innocent wife some adventure,,2021-01-14
2021-01-14,No Way Out,1987,https://boxd.it/1Au1pD,,,fbi man with captive jap boss and airhostess rescues son .,,2021-01-14
2021-01-14,Blade,1998,https://boxd.it/1Au1pX,3.5,,half vampire vampire slayer. Day walker. Good fights. Good plot.,,2021-01-14
2021-01-14,The Last Stand,2013,https://boxd.it/1Au1q7,2.5,,Well planned escape of criminal to mexico foiled by small town policeman with much experience. Formula movie.,,2021-01-14
2021-01-14,Underworld,2003,https://boxd.it/1Au1qh,,,"2 hr long poor story, fighting.",,2021-01-14
2021-01-14,Under Siege,1992,https://boxd.it/1Au1qr,,,cook on ship,,2021-01-14
2021-01-14,Fire Down Below,1997,https://boxd.it/1Au1qB,,,epa agent in rural america,,2021-01-14
2021-01-14,On Deadly Ground,1994,https://boxd.it/1Au1qV,,,epa activist in alaska,,2021-01-14
2021-01-14,Under Siege 2: Dark Territory,1995,https://boxd.it/1Au1r5,,,in a highjacked train,,2021-01-14
2021-01-14,Exit Wounds,2001,https://boxd.it/1Au1rf,,,cop in california with black cop,,2021-01-14
2021-01-14,Showdown in Little Tokyo,1991,https://boxd.it/1Au1rp,,,yakuza and brandon lee,,2021-01-14
2021-01-14,End of Days,1999,https://boxd.it/1Au1rz,,,save girl from being satan's wife,,2021-01-14
2021-01-14,Collateral Damage,2002,https://boxd.it/1Au1rJ,,,father gets revenge on columbian terrorist,,2021-01-14
2021-01-14,First Blood,1982,https://boxd.it/1Au1rT,,,vietnam afghanistan america,,2021-01-14
2021-01-14,Rocky,1976,https://boxd.it/1Au1s3,,,boxer,,2021-01-14
2021-01-14,Hard Target,1993,https://boxd.it/1Au1sd,,,human hunters get hunted by prey.,,2021-01-14
2021-01-14,The Mummy,1999,https://boxd.it/1Au1sn,3.5,,"ancient egypt themed action adventure with acrobatic, linguistic and gunfighting skills highlighted",,2021-01-14
2021-01-14,Operation Scorpio,1992,https://boxd.it/1Au1sx,3.5,,similar to mummy 1 and 2,,2021-01-14
2021-01-14,The Rundown,2003,https://boxd.it/1Au1sH,,,"the rock a comical action adventure highlighting fistfighting, shooting skills of a bodyguard/ capturer sent to fetch a person from an equatorial american region exploited by cruel miners",,2021-01-14
2021-01-14,Clear and Present Danger,1994,https://boxd.it/1Au1sR,,,tom clancy's analyst jack ryan in columbia to solve drug mystery.,,2021-01-14
2021-01-14,Dragons: Gift of the Night Fury,2011,https://boxd.it/1Au1tb,,,new york chinatown's triad subsidiary gets cooked by well decorated vietnam veteran polish cop,,2021-01-14
2021-01-14,Vertical Limit,2000,https://boxd.it/1Au1tl,,,OM mani padme.hum' chanting generally compassionate super-mountaineer seeking vengence from millionaire on k2,,2021-01-14
2021-01-14,John Wick,2014,https://boxd.it/1Au1tv,,,"Nice and desperate gun-fu fights among competent and cool hitmen. The idea of a ""no-fight-hotel"" is attractive.",,2021-01-14
2021-01-14,Baby,2017,https://boxd.it/1Au1tF,3,,"Special ops team (composed of muslims and hindus) captures and kills muslim pAkistAni terror agents. Strangely, in the final operation, they're allowed to escape from Arabia by a saudi investigator Sickular message. Fair action and suspence.",,2021-01-14
2021-01-14,The Hunger Games,2012,https://boxd.it/1Au1tP,3,,"Male and female Teenagers from 12 districts participate in one-survives game. A good series of events and action which keep viewers from getting bored. An OK array of caring, cruel, intelligent personalities.",,2021-01-14
2021-01-14,Thor,2011,https://boxd.it/1Au1tZ,3.5,,"Adorable glimpse into Norse mythology. Odin, Thor and his hammer, Loki the trickster, Ice giants, bridges to earth, Thor learning humbleness and sacrifice after his father Odin's curse. Good introduction to Norse mythos.",,2021-01-14
2021-01-14,Thor: The Dark World,2013,https://boxd.it/1Au1uD,3,,"The primodial superweapon, ether, is stolen and is recovered. Predictable.",,2021-01-14
2021-01-14,Thor: Ragnarok,2017,https://boxd.it/1Au1uN,2,,"Hela and Fenrir find defeat at the hands of Thor, reluctant Loki and Hulk in Ragnarok after Odin's death. If you're familiar with norse mythology, this action crap will disappoint.",,2021-01-14
2021-01-14,Immortal,2006,https://boxd.it/1Au1uX,2.5,,"Release of the Titans by a vengeful mortal opposed by another mortal supported slightly by Olympian Gods. Finally, a battle with the Titans. Not faithful to the mythos. Overemphasis on disbelief.",,2021-01-14
2021-01-14,The Fast and the Furious,2001,https://boxd.it/1Au1v7,,,street racers and undercover cop,,2021-01-14
2021-01-14,2 Fast 2 Furious,2003,https://boxd.it/1Au1vh,,,road racers,,2021-01-14
2021-01-14,Gone in Sixty Seconds,2000,https://boxd.it/1Au1vr,,,car thief steals many cars to get brother freed.,,2021-01-14
2021-01-14,Mad Max,1979,https://boxd.it/1Au1vB,3.5,,Road Cop's vengence against a murderous rapist motorcycle gang in post-apocalyptic world,,2021-01-14
2021-01-14,Mad Max 2,1981,https://boxd.it/1Au1vL,3.5,,"colonists resisting maurauder gang helped by Max 3/4., slightly cliche but good.",,2021-01-14
2021-01-14,Tremors,1990,https://boxd.it/1Au1vV,3.5,,giant worms in american desert vanquished bad.,,2021-01-14
2021-01-14,Predators,2010,https://boxd.it/1Au1w5,3.5,,"human soldier/ predator antiheros kidnapped to a game reserve to be predated cliche, bad",,2021-01-14
2021-01-14,Pitch Black,2000,https://boxd.it/1Au1wf,3.5,,"total eclipse on desert planet brings out animals, but riddick is in his element 4/4.",,2021-01-14
2021-01-14,The Chronicles of Riddick,2004,https://boxd.it/1Au1wp,5,,jack has grown into deadly woman.. riddick comes to rule an intolerant brutal cult which hunts him,,2021-01-14
2021-01-14,Riddick,2013,https://boxd.it/1Au1wz,2.5,,Bad recasting of the Pitch Black trope. A couple of good scenes. Otherwise cliche.,,2021-01-14
2021-01-14,The Quest for Fire Adventure,1982,https://boxd.it/1Au1wJ,2.5,,"A tribe of early apes has preserved and used fire for long, without knowing how to generate it. But looses it in an attack. 3 adventurers go to retrieve it. Face threats like saber tooth tigers, cannibals. Steals fire from cannibals and rescues a woman of a more advanced tribe. who ultimately is grateful and attracted to one of them, and ultimately teaches them how to produce fire by friction. And also humor and the missionary position. Much excitement, wanton copulation. Early men depicted as cunning, but monkey-like in their lack of impulse control. The civilizational advantage is not shown.",,2021-01-14
2021-01-14,Interstellar,2014,https://boxd.it/1Au1wT,4,,"crop blight on Earth has made farming increasingly difficult and threatens humanity's survival. Gravity anamolies in earth of the past created from inside an (alien?) blackhole by an earth astronaut who has sacrificed himself lead to solution to final discovery of anti-gravity by a girl bright who reads the message. many suspenses. great and credible plot - includes time dilation near black hole, slingshots. stunning scenes.",,2021-01-14
2021-01-14,Looper,2012,https://boxd.it/1Au1x3,4,,"In 2074, when the mob wants to get rid of someone, the target is sent into the past, where a hired gun awaits - someone like Joe - who one day learns the mob wants to 'close the loop' by sending back Joe's future self for assassination. The future self escapes. Young self ends up protecting the ""rainmaker"" - a kid with supernatural abilities - from old Joe - by killing himself.",,2021-01-14
2021-01-14,Skyfall,2012,https://boxd.it/1Au1xd,2.5,,"Aging james bond returns from death to rescue female M from a wikileaks like hacker former spy seeking revenge. A homage to the early bond movies, old boxing moves and primitive gizmos.",,2021-01-14
2021-01-14,The World Is Not Enough,1999,https://boxd.it/1Au1xx,3.5,,"Azeri Oil baroness is not the victim, but is the orchestrator of a plot to use stolen plutonium to blow up Istanbul for pipeline monopoly. 007 sent to protect her has sets the situation right.",,2021-01-14
2021-01-14,Dr. No,1962,https://boxd.it/1Au1xH,,,Crazy criminal genius,,2021-01-14
2021-01-14,xXx,2002,https://boxd.it/1Au1xR,,,adventure rebel becomes spy in east europe,,2021-01-14
2021-01-14,Ronin,1998,https://boxd.it/1Au1y1,,,spy story set in Europe,,2021-01-14
2021-01-14,Transporter 2,2005,https://boxd.it/1Au1yb,,,frenchman transporting chinese girl wanting to stop herding chinese,,2021-01-14
2021-01-14,The Empire Strikes Back,1980,https://boxd.it/1Au1yl,3.5,,"Impatient and abitious but talented Anniken becomes Vader, having fallen in love with Leia, being trained by Obi Wan and manipulated by Palpatine. Big nice battle scenes.",,2021-01-14
2021-01-14,Star Wars: The Force Awakens,2015,https://boxd.it/1Au1yv,3,,"Hans Solo and Leia estranged, their son a sith lord. Empire against the republic. Luke run away and being sought by everyone. A rehash of episode 4, essentially. Entirely predictable. A child's game. Not much juice too. Some shRngAra - lovers tension. Attempted delivery of thrill of superb flying, which fails to thrill anymore (where's the suspense?). PS: Did not watch 3D.",,2021-01-14
2021-01-14,Star Wars: The Last Jedi,2017,https://boxd.it/1Au1yF,3.5,,"Young talented wanna-be jedi girl wants to get trained, but is refused by Luke (recalling his nephew turning to the dark side). In an encounter, she manages to sense conflict within the nephew (who partially seems to love her) and partially exploit it to get him to kill the emperor. But he then wants to finish destroying the resistance and invites her to join him. Final battle -they part ways. Resistence forces desperately try to escape, and after thrills - get cornered. Recalciterant Luke finally saves the day and lets the resistence escape while dying. Nice thriller.",,2021-01-14
2021-01-14,Star Wars: Clone Wars,2003,https://boxd.it/1Au1yP,,,Clone wars' is a drag with senseless fighting.,,2021-01-14
2021-01-14,Black Rain,1989,https://boxd.it/1Au1yZ,,,clever american cop in japan fights sato (motorcycle-gang leader),,2021-01-14
2021-01-14,The Hunted,2003,https://boxd.it/1Au1z9,,,american loving geisha protected by takeda is hunted by ninja,,2021-01-14
2021-01-14,"Crouching Tiger, Hidden Dragon",2000,https://boxd.it/1Au1zj,,,"warriors seek peace, love, a famed sword.",,2021-01-14
2021-01-14,Enter the Dragon,1973,https://boxd.it/1Au1zt,,,4/4. kung fu.,,2021-01-14
2021-01-14,The Way of the Dragon,1972,https://boxd.it/1Au1zN,,,Lee fights gangsters while working in a Chinese resturant in Italy mediocre,,2021-01-14
2021-01-14,Yojimbo,1961,https://boxd.it/1Au1zX,,,ronin brings death to rival criminal enterprises in a village,,2021-01-14
2021-01-14,Zatoichi,1989,https://boxd.it/1Au1A7,3,,"A blind yakuza clears a town of an insane corrupt governor and fighting yakuza clans good action. mysterious blind central character keeps the suspense up with his kindnesses, skill, attractiveness.",,2021-01-14
2021-01-14,Zatoichi,2003,https://boxd.it/1Au1Ah,,,"zatoichi, in a final scene opens his eyes, and can see!",,2021-01-14
2021-01-14,SAGA - Curse of the Shadow,2013,https://boxd.it/1Au1Ar,,,"life, martial arts and death of Bruce Lee mediocre.",,2021-01-14
2021-01-14,The 36th Chamber of Shaolin,1978,https://boxd.it/1Au1AB,4,,Classic movie karate masters in bengaLUru ask their students to watch. Great showcase of deliberate cultivation by monk teachers and deliberate self cultivation by the student.,,2021-01-14
2021-01-14,Red Sun,1970,https://boxd.it/1Au1AV,,,samurai in the wild west,,2021-01-14
2021-01-14,Mackenna's Gold,1969,https://boxd.it/1Au1B5,3.5,,"bandits on a quest for gold, using a man who has memorized the map, with indians blocking them.",,2021-01-14
2021-01-14,The Quick and the Dead,1995,https://boxd.it/1Au1Bf,,,western town quick gun boss trashed by a girl seeking vengence.,,2021-01-14
2021-01-14,Desperado,1995,https://boxd.it/1Au1Bp,,,Charismatic guitar player extracts vengence from drug cartel.,,2021-01-14
2021-01-14,Once Upon a Time in the West,1968,https://boxd.it/1Au1Bz,5,,"Mysterious harmonica playing gunman exacts revenge from killer allied with a crippled railroad baron, helping a former whore widow profit from a station, getting help from a bandit with principles along the way. 4/4. Contrasts the peace of a wandering gunman with the worries and ways of businessmen.",,2021-01-14
2021-01-14,A Fistful of Dollars,1964,https://boxd.it/1Au1BJ,4,,western version of yojimbo. Sow fight between two gangs.,,2021-01-14
2021-01-14,For a Few Dollars More,1965,https://boxd.it/1Au1BT,4,,"A bounty hunter, and a former colnel seeking filial revenge take down Indio's gang, after the latter infiltrates them by helping in an escape, bank robbery. Finally, a showdown where there is vengence.",,2021-01-14
2021-01-14,High Plains Drifter,1973,https://boxd.it/1Au1C3,,,a guilty town seeks protection from thugs they hired and turned in cliches abound - is poetic in a way.,,2021-01-14
2021-01-14,The Hateful Eight,2015,https://boxd.it/1Au1Cd,3.5,,"A gang of 4 try take over a lodge and wait to rescue a murdress from a team of 2 bounty hunters + to-be-sheriff + driver during a blizzard. Determined, fairly brainy and articulate characters. Well depicted gun violence. Trust and suspicion are well placed and used by the characters.",,2021-01-14
2021-01-14,Snatch,2000,https://boxd.it/1Au1Cn,4,,"A twisted storyline centered around a diamond heist gone wrong involving professional (contrasted with) amateur killers and gangs, settled folk and pikeys. A variety of personalities. The pikies get their revenge, make great bargains - that's entertaining",,2021-01-14
2021-01-14,Léon: The Professional,1994,https://boxd.it/1Au1Cx,3.5,,"When her family is killed by a corrupt agent, he reluctantly takes in his 12-year- old neighbour. He then trains her to be competent with an arsenal of weapons.",,2021-01-14
2021-01-14,Benji the Hunted,1987,https://boxd.it/1Au1CH,4,,"A dog marooned in the wilderness faces off wild animals and protects cougar cubs, finally allowing himself to be rescued.",,2021-01-14
2021-01-14,Thackeray,2019,https://boxd.it/1Au1CR,4,,A nice window into the mind and world view of the Shivasena founder.,,2021-01-14
2021-01-14,Description of a Struggle,1960,https://boxd.it/1Au1D1,,,"These generally emphasize the coordination, leadership and individual risk invovled in weilding power of the many.",,2021-01-14
2021-01-14,Edward Scissorhands,1990,https://boxd.it/1Au1Db,3,,"a frankenstein type sweet artificial boy with scissors for hands is lonely and stuck in his creator's castle, until a saleswoman brings him out into town. Though clumsy, initially he is accepted by the gossippy housewives (with one christian maniac exception), his gardening, sculpting and hair cutting skills are appreciated falls in love with the teenage daughter of his home. but falls from reputation after being caught in a failed burglary he participated in to please his love. the girl's spurned boyfriend is jealous and turns against him. he runs away in spite and is forced to fight and kill the boyfriend. he is left in the castle. Lesson: The near inevitability of reputation management.",,2021-01-14
2021-01-14,Gladiator,2000,https://boxd.it/1Au1E9,3.5,,"General Maximus of the armies of the north, loyal to the good emperor Marcus Aurelius, escapes death at the hands of his incestuous cruel son, falls into slavery, gets vengence at the point of death in a gladiatorial fight with the emperor, spurs revolution",,2021-01-14
2021-01-14,Ben-Hur,1959,https://boxd.it/1Au1Ej,5,,"a jew becomes a roman galley slave, is freed, returns home, wins a chariot race against old friend, becomes a christian 4/4.",,2021-01-14
2021-01-14,Spartacus,1960,https://boxd.it/1Au1Et,,,"the slave/ gladiator rebellion filled with cliches, starts with pro-christian anti-pagan diatribe.",,2021-01-14
2021-01-14,The Last Samurai,2003,https://boxd.it/1Au1ED,5,,custer's army ex-soldier becomes samurai in captivity during revolt against meiji restoration 4/4. - communicates noble parts of japanese ethos well.,,2021-01-14
2021-01-14,Nemuri Kyōshirō 3: The Man with No Tomorrow,1996,https://boxd.it/1Au1EX,,,"Wandering sleepy eyed ronin with repudiated and repressed christian birth, with high sword skills floats around - sometimes getting reluctantly entangled with ladies (whom he brings ""bad luck""), aiding counterfeiting Akita province lords (desperate due to hard times). Poor fighting. Interesting as a drama. Hero has irritating fake no-care attitude (which borders on adharma).",,2021-01-14
2021-01-14,Braveheart,1995,https://boxd.it/1Au1F7,,,scotsman saves scotland,,2021-01-14
2021-01-14,Samrat Chandragupt,1958,https://boxd.it/1Au1Fr,4,,retelling of the legend of chandragupta-maurya and his AchArya chANakya - only saw few episodes,,2021-01-14
2021-01-14,Rudhramadevi,2015,https://boxd.it/1Au1FB,2.5,,"Poor filming of battles and fights - mostly stock computer images. Plot not historically accurate and a not very credible. Sprinkled with irritating SJW messages (sexual equality in combat, robin hoods, inter caste marriages)",,2021-01-14
2021-01-14,Bajirao Mastani,2015,https://boxd.it/1Au1FL,4,,"For all the obvious problems (eg. historical accuracy, twisting the main characters) of the movie, it has the following merits: * It presents the much neglected bAjI rAv in a way that is attractive to the general romantic audience. Such half-positive portrayals of brAhmaNa-s (and polygamy, and widows) is rare. * bAjI rAv is presented as an alpha male. This is accurate, and again attractive. * It shows period weaponry, the peshvA court, quite a few marATha + brAhmaNa mannerisms and refrains well. * The hindu agenda of the marATha-s is not totally buried (despite the persistent anti-islamism mocking). It's easy to see in the early parts especially. * Just in terms of simple dramatic quality, there is plenty of juice (which far exceeds the current star wars crap - https://www.facebook.com/vishvas.vasuki/posts/10153425133772989 ) - shRngAra (love) of the vipralambha type as well as the sambhOga type, vIra (many likable battle scenes), bIbhatsa (disgust at some people). Even the dialogues and poetry (recited and sung) were a pleasant surprise - there was some sophisticated use of ornamentation, such as upamA and anyokti.",,2021-01-14
2021-01-14,Manikarnika,2017,https://boxd.it/1Au1FV,4,,"Quite good, recommended for H. Was expecting mostly misleading masAla, but was surprised by the number of facts that check out!",,2021-01-14
2021-01-14,Lokmanya: Ek Yug Purush,2015,https://boxd.it/1Au1G5,4,,लोकमान्यष् टिळकः। तस्य नानाक्रियाकलापानां सङ्घर्षाणां च दृश्यानि। अधुनिकपत्रकर्तुर् भारताधोगतिदुःखितस्य संशोधनचोदितकल्पनाभिर् दर्शितानि। तैस् तस्याधुनिकस्य प्रेरणा ध्रुवं जाता। Period brAhmaNa attire was well depicted.,,2021-01-14
2021-01-14,Lincoln,2012,https://boxd.it/1Au1Gf,4,,"Intelligent Lincoln pushes through amendment banning slavery just before the defeat of south, propelled by eloquent idealism (quoting Euclid to a telegraph engineer), practical politics of dispensing favorable jobs/ resolutions to win over votes. Sometimes emotionally unstable wife, rebellious teen son wanting to join the fight, a kid son playing in white house.",,2021-01-14
2021-01-14,Jobs,2013,https://boxd.it/1Au1Gp,5,,"The abrasive yet visionary product-excellence genius of Steve Jobs, founder of Apple.",,2021-01-14
2021-01-14,Heaven and Earth,1994,https://boxd.it/1Au1Gz,5,,"The rivalry between kAgeTora and TakeDa both spiritual men. Many fascinating ritual details - vaishravaNa-homa, marIchi image, raNa-dIxA, adoring the spirit of the deceased. https://www.youtube.com/watch?v=n4AV_Gv_59k communicates the deep hinduized japanese spiritual ethos well.",,2021-01-14
2021-01-14,Death of a Tea Master,1989,https://boxd.it/1Au1GJ,4,,"Stubborn tea master and his two followers seperately kill themselves rather than be sycophants of Nobunaga ODa. Poem on the wall of the tea room when the unspoken pact is made: ""void takes nothing, death takes everything"". Death is a reminder to return to the way of honor, this call is well heeded. Seen through the eyes of a devoted disciple, who talks to various survivors of these incidents. Good exposition of the honorable way of tea, centered on the tea ceremony.",,2021-01-14
2021-01-14,Mankatha,2011,https://boxd.it/1Au1GT,5,,"Gambling addiction. The torment of growing up rich in a broken family. A meaningless career (teaching english literature mostly to unininterested folks with talents elsewhere) How universities pass sport's stars through. A love story. The decline of literature. Attractive character who surprisingly (?) turns his situation around when he finds love by the use of his brainy orchestration + a risky gamble. Many memorable dialogs. (""Fuck-you money"") Many memorable scenes. Attractive hero: live true or die proud type, cool with dangerous and obnoxious people.",,2021-01-14
2021-01-14,Good Will Hunting,1997,https://boxd.it/1Au1H3,,,downtown math genius doing manual labor finds love and spurns math.,,2021-01-14
2021-01-14,The Magician,1958,https://boxd.it/1Au1HH,,,kids with magic talent and music talent,,2021-01-14
2021-01-14,Tate,,https://boxd.it/1Au1HR,,,tate the genius kid attends college but wants to be fireman,,2021-01-14
2021-01-14,Mozart and Salieri,1962,https://boxd.it/1Au1I1,5,,"A good composer, jealous of the reckless hard-working genius Mozart, admires him yet spikes his career and feeds his madness, leading to his early death 4/4.",,2021-01-14
2021-01-14,Wayne's World,1992,https://boxd.it/1Au1Ib,,,garage tv show,,2021-01-14
2021-01-14,Pursuit of Happyness,2005,https://boxd.it/1Au1Il,,,"story of bone density scanner salesman becoming a stock brocker after being separated, while homeless.",,2021-01-14
2021-01-14,Bucket List,2018,https://boxd.it/1Au1Iv,,,two terminally ill people teach each other to have fun and become soft.,,2021-01-14
2021-01-14,Anand,1971,https://boxd.it/1Au1IF,5,,"terminally ill but compassionate, wise and happy person.",,2021-01-14
2021-01-14,Ikiru,1952,https://boxd.it/1Au1IP,5,,"a listless nihonjin bureaucrat finds he has cancer, regrets that he has not truly lived life well - just been doing busy-work to raise his son, lives the final months with meaning and passion - obstinately persisting/ insisting in the machine to build a park over a cesspool - touching colleagues' conscience. Also shows a japanese society taken over by American culture, music, attitudes 4/4.",,2021-01-14
2021-01-14,Wild Strawberries,2012,https://boxd.it/1Au1IZ,,,"old cold, moral, ruthless, lonely professor reminisces past causes and events, sees effect on family. He finds guilt, value in warmth and niceness.",,2021-01-14
2021-01-14,Taxi Driver,1976,https://boxd.it/1Au1J9,5,,"an insomniac inarticulate taxi driver wants to discover self-worth in new york, is irritated by prostitution and petty crime on streets, tries dating a 'clean uptown girl' to get to his goal but fails, next turns to gun-fight training for assassinating the person she worked for but fails, next rescues a child-prostitute after killing 3 gangsters - thus finds self worth and peace 4/4.",,2021-01-14
2021-01-14,Holy Man,1998,https://boxd.it/1Au1Jj,,,Selfless G preaches enlightenment compassion and prajJNA. Helps TV sales show maker. Is released.,,2021-01-14
2021-01-14,The Prince of Tides,1991,https://boxd.it/1Au1Jt,,,lorenstein the unhappy ny jewish shrink and the southern male parent of a patient fall in love.,,2021-01-14
2021-01-14,Dersu Uzala,1975,https://boxd.it/1Au1JD,,,"Siberian native guide to soviet explorers plants rice for chinese spilling in, suffers from guilt due to killing a tiger, prefers the open sky and woods far more than Russian cities.",,2021-01-14
2021-01-14,Anger Management,2003,https://boxd.it/1Au1JN,,,crazy psychologist,,2021-01-14
2021-01-14,Pushing Tin,1999,https://boxd.it/1Au1JX,,,air traffic controller helps colleague regain balance,,2021-01-14
2021-01-14,Up!,1976,https://boxd.it/1Au1K7,5,,"An old man flies his home to paradise falls fulfilling lifelong dream he had with dead wife, inspired my explorer Munz. Helps (initially reluctantly) scout kid, a dog with a talking collar, a rare bird Munz wants to capture to recover his reputation. In the process enjoys life again. 4/4. Compassion of the old man made him very lovable.",,2021-01-14
2021-01-14,Raid on Entebbe,1976,https://boxd.it/1Au1Kh,,,hnamatov hnamatov lalalla la la lalalla llahllahllah,,2021-01-14
2021-01-14,Platoon,1986,https://boxd.it/1Au1KV,,,crazy 'nam war,,2021-01-14
2021-01-14,The Beast,2016,https://boxd.it/1Au1L5,,,honorable jehadis in afghanistan take down soviet tank goliath after high struggle,,2021-01-14
2021-01-14,Black Hawk Down,2001,https://boxd.it/1Au1Lf,,,US delta force kidnapping of warlord in mogadishu goes awry,,2021-01-14
2021-01-14,The Alamo,2004,https://boxd.it/1Au1Lp,,,texan independece and general santa anna,,2021-01-14
2021-01-14,Citizen Cohn,1992,https://boxd.it/1Au1LJ,,,the schemer behind mc carthy,,2021-01-14
2021-01-14,Waltz with Bashir,2008,https://boxd.it/1Au1LT,,,massacre of palestinians by christian fighters in lebanon and the jewish soldiers' guilt therein.,,2021-01-14
2021-01-14,Border,1997,https://boxd.it/1Au1M3,3.5,,"an adaptation from real life events that happened at the Battle of Longewala fought in Rajasthan (Western Theatre) during the Indo-Pakistani War of 1971. An undersupplied army troop of the punjab regiment blocks (in defiance of higher orders) a pAkistAnI tank troop in a night long seige, until rescue at daybreak by IAF Hunters (which can't fly at night). Involves many sardaarjii-s, a BSF rAjaputra guide. moving depiction of newly wed and betrothed soliders being dragged away to war, of soldiers eager and not-so-eager to rush to defence of the motherland despite problems at home. Good poetry in songs. a tad sickular, and too tolerant of Pakistan, but positive depictions of the troop honoring a 7-mAtRka temple.",,2021-01-14
2021-01-14,Tora! Tora! Tora!,1970,https://boxd.it/1Au1Md,,,japanese attack on pearl harbor,,2021-01-14
2021-01-14,Windtalkers,2002,https://boxd.it/1Au1Mn,,,navajo communicators in ww2,,2021-01-14
2021-01-14,Silent Night,2012,https://boxd.it/1Au1Mx,,,german and american soldiers in german lady's hut,,2021-01-14
2021-01-14,Utøya: July 22,2018,https://boxd.it/1Au1MH,,,capture of the enigma machine,,2021-01-14
2021-01-14,Enemy at the Gates,2001,https://boxd.it/1Au1MR,,,sniper face off in stalingrad (vasilyy zytsev),,2021-01-14
2021-01-14,Inglourious Basterds,2009,https://boxd.it/1Au1N1,,,"a unit of nazi scalping American jews and a jewess in hiding burn a theater full of top Nazis in Paris. intelligent people, skillful violence.",,2021-01-14
2021-01-14,Uri: The Surgical Strike,2019,https://boxd.it/1Au1Nb,4,,"Slightly cliche. Has memorable dialogues - ""How's the josh?"" ""jai hind!"".",,2021-01-14
2021-01-14,Iron Eagle,1986,https://boxd.it/1Au1Nl,,,us and ussr airmen surpass sabotage and save the day,,2021-01-14
2021-01-14,An Officer and a Gentleman,1982,https://boxd.it/1Au1Nv,,,navy air force officer training is tough,,2021-01-14
2021-01-14,No Man's Land,2001,https://boxd.it/1Au1NF,,,the futility of war eg the balkans... soldier in no man's land during cease fire gets left on a mine.,,2021-01-14
2021-01-14,Small Soldiers,1998,https://boxd.it/1Au1NP,,,gorgonite toy soldiers beat GI toy soldiers.,,2021-01-14
2021-01-14,Troy,2004,https://boxd.it/1Au1NZ,,,achilles wreaks priam hector,,2021-01-14
2021-01-14,Kagemusha,1980,https://boxd.it/1Au1O9,,,the double of takEda shingen tries to hold together while nobunaga oDa and tokugawa iyesu attack.,,2021-01-14
2021-01-14,Seven Samurai,1954,https://boxd.it/1Au1ON,,,"seven samurai hired - in exchange of rice - array villagers and guard village from bandits whose strength they first reduce in a surprise attack, suffering heavy losses, showing noble character.",,2021-01-14
2021-01-14,Samurai I: Musashi Miyamoto,1954,https://boxd.it/1Au1OX,,,"Films about the MusAshi miyamoTo, especially his single minded focus on being a vidyArthI while consistently rejecting kAma, refusing to give up honor - contrasted with opportunistic people who are not quite as brave, who easily sell their honor away.",,2021-01-14
2021-01-14,Star Trek: First Contact,1996,https://boxd.it/1Au1P7,5,,Piccard vs the Borg 4/4.,,2021-01-14
2021-01-14,Star Trek: Nemesis,2002,https://boxd.it/1Au1Ph,4,,Piccard vs the Reman warlord intent on destroying earth. Sacrifice of Data.,,2021-01-14
2021-01-14,Star Trek,2009,https://boxd.it/1Au1Pr,,,the energy ribbon,,2021-01-14
2021-01-14,Star Trek II: The Wrath of Khan,1982,https://boxd.it/1Au1PB,2.5,,they spoilt the great khAn from TOS space seed into a twisted vengeful Captain Ahab,,2021-01-14
2021-01-14,Star Trek: Insurrection,1998,https://boxd.it/1Au1PV,,,piccard leads insurrection from a planet destroyed for some precious resource.,,2021-01-14
2021-01-14,Independence Day,1996,https://boxd.it/1Au1Q5,,,initially successful aliens downed by a computer virus plus a specially delivered nuke.,,2021-01-14
2021-01-14,Serenity,2005,https://boxd.it/1Au1Qf,5,,"Psychic athletic warrior unstable girl rescued from the alliance leads a outer planets crew to a planet with mass death resulting from alliance control-experiment, whence a video is broadcast despite ruthless opposition by a skilled alliance assassin and impediment by cannibalistic ""revears"" resulting from same experiment. 4/4.",,2021-01-14
2021-01-14,Empire of the Sun,1987,https://boxd.it/1Au1Qp,,,allied pow in jap camp in china,,2021-01-14
2021-01-14,The Pianist,2002,https://boxd.it/1Au1Qz,,,polish jew survives nazis,,2021-01-14
2021-01-14,Planet of the Apes,1968,https://boxd.it/1Au1QJ,3.5,,"a space shuttle lands on a planet where apes enslave 'dumb' humans, desist from technology, are proven wrong when taken to ruined new york",,2021-01-14
2021-01-14,Back to the Planet of the Apes,1980,https://boxd.it/1Au1QT,,,same as the original with a new climactic battle near the downed space shuttle.,,2021-01-14
2021-01-14,Rise of the Planet of the Apes,2011,https://boxd.it/1Au1R3,3,,"genetically modified apes rebel and flee to Muir woods, CA.",,2021-01-14
2021-01-14,Dawn of the Planet of the Apes,2014,https://boxd.it/1Au1Rd,3,,"WIth humanity dwindled due to the simian virus that made apes intelligent(er), SF survivors and the Muir woods ape colony make contact. War and peace are proposed in both camps. Betrayal and coups among the apes are interesting. Fairly predictable and explicit.",,2021-01-14
2021-01-14,War for the Planet of the Apes,2017,https://boxd.it/1Au1Rn,2.5,,"simian virus has mutated and is making humans dumber and loose speech. apes keep getting eliminated, captured and pressed into labor by army remnants. army remnants are destroyed by infighting triggered by different views on how to control the virus in the dumbed humans. caesar and co rescue the apes and lead them to a desert Predictable. There is some interesting ape betrayal and u-turns.",,2021-01-14
2021-01-14,Jurassic Park,1993,https://boxd.it/1Au1Rx,,,the first was especially good.,,2021-01-14
2021-01-14,Terra Nova,1999,https://boxd.it/1Au1RH,,,"lottery winners from polluted overpopulated 2049 colonize jurrasic earth of an alternate timestream cliche, not worth it after 4 episodes",,2021-01-14
2021-01-14,Contagion,2011,https://boxd.it/1Au1RR,2.5,,"A bat-flu virus crosses over to pigs, kills many people leading to great unrest before a vaccine is developed and distributed.",,2021-01-14
2021-01-14,K-PAX,2001,https://boxd.it/1Au1S1,4,,"After claiming he is an extraterrestrial from the planet 'K-PAX', prot is committed to the Psychiatric Institute of Manhattan. Dr. Powell introduces him to a group of astrophysicists, to whom prot displays a level of knowledge that puzzles them. prot also exhibits total control over the other patients at the Institute, each of whom believes unquestioningly that he is indeed from K-PAX. prot, who claims to have journeyed to Earth by means of ""light-travel"", explains that he can take one person with him when he returns. Thereafter, most of the patients at the Institute ask to be taken by K-PAX on his journey back home. Powell decides to subject prot to regression hypnosis, which works well. Using information gained from these sessions, Powell figures out that prot may simply be an alter ego of Robert Porter, a man from New Mexico whose life had been devastated by the murder of his wife and child in 1996.On July 27 as the hospital staff watch, the camera in Porter/prot's room cuts to static at the precise time prot said he would leave Earth. Powell finds Porter lying on the floor in his room, catatonic, prot having apparently left Porter's body for the light travel back to K-PAX. The final scene's voiceover is prot explaining to Powell that the people of K-PAX have discovered that our universe will repeat its events again and again, so the mistakes we make will be repeated forever, and prot encourages Powell to make this time count as it is the only chance we have. With this in mind, Powell reconciles with his estranged son.",,2021-01-14
2021-01-14,Phenomenon,1996,https://boxd.it/1Au1Sb,,,rural american man with supernatural abilities and new naive-semi-genius,,2021-01-14
2021-01-14,Arrival,2016,https://boxd.it/1Au1SP,3,,"A linguist works with the military to communicate with alien octopods after twelve mysterious spacecraft appear around the world. With that octopod language, she begins to see the future, prevent human attack on the aliens etc..",,2021-01-14
2021-01-14,The Tigger Movie,2000,https://boxd.it/1Au1T9,,,"alien makes first contact with a kid who helps him return, defying government powers.",,2021-01-14
2021-01-14,Close Encounters of the Third Kind,1977,https://boxd.it/1Au1Tj,,,aliens make first contact with humanity the film tries to capture the strangeness involved - the music and choice of humans to go with the aliens.,,2021-01-14
2021-01-14,Epoch,2001,https://boxd.it/1Au1Tt,2.5,,"Mysterious alien objects dangles on a point in Bhutan. It has terraformed the earth in the past. Heals people. Responds to Chinese attack by striking back, sparing pilots. Begins terraforming. Americans try to nuke it. Two scientists try to stop the bomb. Alien survives nuke, changes mind, goes home.",,2021-01-14
2021-01-14,Blade Runner,1982,https://boxd.it/1Au1TD,,,androids with short life-span seek longevity in vain through murder and despite attempts at killing them.,,2021-01-14
2021-01-14,"I, Robot",2004,https://boxd.it/1Au1TN,,,sonny et the murder et the detective,,2021-01-14
2021-01-14,Demolition Man,1993,https://boxd.it/1Au1TX,,,"old law-man in the more nonviolent, autocratic new world",,2021-01-14
2021-01-14,Postman,1995,https://boxd.it/1Au1U7,,,poast apocalypse usa rebuilt by intrepid postman,,2021-01-14
2021-01-14,Gattaca,1997,https://boxd.it/1Au1Uh,,,genetic engineering and biased society,,2021-01-14
2021-01-14,Sphere,1998,https://boxd.it/1Au1Ur,,,the perfect sphere from future black hole fulfils all wishes including making itself go away.,,2021-01-14
2021-01-14,Supernova,2000,https://boxd.it/1Au1UL,,,"alien infinite matter creating bomb gets discovered, changing a few humans, survivors escape resultant supernova.",,2021-01-14
2021-01-14,Solaris,2002,https://boxd.it/1Au1UV,,,planet which studies spacecraft,,2021-01-14
2021-01-14,Mission to Mars,2000,https://boxd.it/1Au1V5,,,travel from the martian face to the home of the progenitor race,,2021-01-14
2021-01-14,Doppelgänger,1969,https://boxd.it/1Au1Vf,2.5,,"An exact copy of the earth on the opposite side of the sun curious, futurustic, pioneering, but mediocre from today's perspective.",,2021-01-14
2021-01-14,Children of Men,2006,https://boxd.it/1Au1Vp,2.5,,"Everyone is infertile for many years, suddenly there is a pregnant woman - who must be transported to safety, despite a tyrannical anti-immigrant british government to a rebel scientific coalition.",,2021-01-14
2021-01-14,Dungeons & Dragons,2000,https://boxd.it/1Au1Vz,,,elves too,,2021-01-14
2021-01-14,The Hobbit: An Unexpected Journey,2012,https://boxd.it/1Au1VJ,1.5,,"Predictable, childish.",,2021-01-14
2021-01-14,The Lord of the Rings: The Fellowship of the Ring,2001,https://boxd.it/1Au1VT,3.5,,Nice depiction,,2021-01-14
2021-01-14,Game of Thrones - Conquest & Rebellion: An Animated History of the Seven Kingdoms,2017,https://boxd.it/1Au1Wx,5,,"4/4. video adaptations of George RR Martin's great Songs of Ice and Fire, faithful to the book, good character development.",,2021-01-14
2021-01-14,Mohalla Assi,2018,https://boxd.it/1Au1WH,5,,"मोहल्ला अस्सि नामकं चलच्चित्रं दृष्टम्। अन्तरङ्गे क्षोभ उद्भवत्य् अस्माकं स्थितिं चिन्तयित्वा। क्षात्रे धर्मभ्रंशः (म्लेच्छशासनम्,भूहरणम्, आङ्ग्लपूरणम्, मूर्खप्रजाप्रभुत्वम्, अतिशयारक्षणम्, सद्ब्राह्मणासमर्थनम्) → दारिद्र्यम् (विशिष्य भारतीयसंस्कृतेर् अध्येतृषु), लोभोऽपि कश्चित् → विक्रयणम् → आत्मविस्मृतिर् व्यापिनी → जुगुप्सा क्वचित् → कामेनार्थेन च साकम् भारतीय-सत्त्वस्य रक्षणम् तैः। ""Based on Dr. Kashinath Singh's Hindi novel 'Kashi Ka Assi', a religious satire based on the commercialization of the pilgrimage city, and fake gurus who lure the visitors and tourists."" मुख्यपात्राणि - कश्चित् पाण्डेयविद्वान् साम्प्रदायिकः तत्पत्नी च, तत्प्रलुब्ध-परिवेषि-ब्रह्मबन्धवः, कश्चिद् भ्रष्टब्राह्मणो हिन्दिसाहित्यविद्वान् यो विदेशिप्रेक्षकान् नयति, कश्चिन् नापितश् चतुरः कामुकश्च यस् स्वबुद्धिप्रभावेन श्वेतस्त्रीं परिणीय योगगुरुर् जायते, कामातुरा श्वेतजनाः येषु केचनाध्यात्मजिज्ञासवोऽपि। मुख्यस्थानानि - गङ्गातीरे पुरोहितानाम् उपवेशनस्थानम्, चायविपणी यत्र नानाचर्चाः प्रवर्तन्ते, संस्कृतपाठशाला, श्वेतत्वग्भ्यो दत्तानि प्रकोष्ठानि। ""Prior to its release Mohalla Assi leaked online on 11 August 2015. The film has been banned by the CBFC on 8th April 2016."" मार्मिकरीत्या कथा कथिता।",,2021-01-14
2021-01-14,Life of Pi,2012,https://boxd.it/1Au1WR,5,,"The nature of myth, really. Story 1: A shipwreck leaves a Indian (hindu/ all religions are ok) boy (son of a rationalist father and veg spiritual mother), a tiger, a zebra with a broken leg, an orangutan, hyena on a life-boat. Hyena kills zebra for food, tries to kill the boy, later the Orangutan (distressing the boy). Tiger kills the hyena, eats leftovers of everything. Boy escapes and survives in self-made raft tied to boat, lives on rations, becomes non-veg, catches fish feeds tiger, rescues tiger from the sea when it jumps in sea to get to him. Tames tiger _eventually_. Sees beauty (bioluminiscence, clear water and skies, flying fish), fierce power and awe of strum and dang. Gets respite on a mangrove which turns deadly at night, reaches mexico. Story 2: hyena: cruel but practical cook (makes raft to catch fish etc..). zebra with broken leg: sailor killed for bait. orangutan = boy's mother - accidentally killed by cook when arguing with hyena to leave boy alone. boy kills cook in rage (cook doesn't resist) - saddened to have been turned to a beast, but uses his carcass for bait. (deadly but respiteful island - represents some psychological state?) Stupendous climax despite hard-to-stand (for those like me) start. Rich in visual beauty. Reaffirms the role of religous myth in understanding nature, human nature and hope (after abstracting away gory bloody lesser facts by allegory). The hero, that crafted such a deep, imaginatively rich allegory, HAD to be a hindu. Few other (extant, major) cultures can easily produce an equivalent.",,2021-01-14
2021-01-14,The Legend of Bagger Vance,2000,https://boxd.it/1Au1X1,5,,"Modern retelling of the gItA Bagger vance (bhagavAn) causes R junah (arjuna) to regain excellence in golf after being broken by war experience and other failures - knowing the field, how to stop thinking without sleeping, just play - forget winning, give it all you got",,2021-01-14
2021-01-14,East Side Sushi,2014,https://boxd.it/1Au1Xb,5,,"Victory over odds! Repeatedly builds and releases tension, shows friendship and adversity.",,2021-01-14
2021-01-14,Philadelphia,1993,https://boxd.it/1Au1Xl,,,lawyer with aids fights against unfair dismissal,,2021-01-14
2021-01-14,Under Suspicion,2000,https://boxd.it/1Au1Xv,,,rich old man married to young beauty in an island breaks down and falsely confesses killing prostitutes,,2021-01-14
2021-01-14,The Untouchables,1987,https://boxd.it/1Au1XF,,,prohibition era anti capone cops.,,2021-01-14
2021-01-14,Old Boys,2010,https://boxd.it/1Au1XP,5,,"In Korea, a rumour of pregnancy caused one of two high-school lovers (who happened to be siblings) to die. Slow revenge for O Dae Suh who started the story chain - imprisoned, wife killed, daughter missing, released after 15 years without explanation- hypnotized to fall in love with each other.. Dae Suh figures out the reason behind his suffering, aided by the vengeful brother. Ultimately puts his demons to rest by hypnosis. Very moving. To find love and peace, a sense of home in another, to sacrifice to protect this other. How fate can make it happen between odd couples.",,2021-01-14
2021-01-14,The Freshman,1990,https://boxd.it/1Au1XZ,,,pet smuggling under genius don,,2021-01-14
2021-01-14,GoodFellas,1990,https://boxd.it/1Au1Y9,3.5,,"making, defeat and turning of a fornicating semi-Irish associate of a NY mafia family - the allure of belonging and making money",,2021-01-14
2021-01-14,Road to Perdition,2002,https://boxd.it/1Au1Yj,,,the irish hitman seeks revenge for the family,,2021-01-14
2021-01-14,Capone,1975,https://boxd.it/1Au1Yt,,,prohibition era Chicago Italian mobster.,,2021-01-14
2021-01-14,Samurai Rebellion,1967,https://boxd.it/1Au1YD,,,"a samurai, his son and daughter-in-law obstinately (eventually violently) defy the cruel demand of their lord and clan the courage contrasts well with the cowardice and accomodation of others.",,2021-01-14
2021-01-14,Caught,1996,https://boxd.it/1Au1YN,,,"dirfter et fishmonger et son and wife with whom he has an affair (bhAvas jugupsA, bhaya).",,2021-01-14
2021-01-14,The Graduate,1967,https://boxd.it/1Au1Z7,,,"a jist-graduated polite 21 year old seduced into an affair by a manipulative lying woman whose daughter he later successfully woos after an adventure reveals social price paid for immorality,(bhAvas jugupsA, bhaya, pramAda, vIra).",,2021-01-14
2021-01-14,Forrest Gump,1994,https://boxd.it/1Au1Zh,,,simpleton's deep wisdom is a critique of half-baked self-understanding of more complicated folk.,,2021-01-14
2021-01-14,It's a Wonderful Life,1946,https://boxd.it/1Au1Zr,,,A christmas tale like demonstration of the worth of one hard-working self-sacrificing man's life/ influence set in the pre-1945 america.,,2021-01-14
2021-01-14,Rashomon,1950,https://boxd.it/1Au1ZB,,,"bandit captures couple, rapes wife, kills husband - all 3 tell different tales, a witness steals a dagger, clever cynic listening to story figures it out, steals something from a baby. Thus, everyone acts in his own self-interest. Ultimately witness does a good thing by adapting a child, restoring a priest's faith in humanity don't see why it is so highly rated - mediocre.",,2021-01-14
2021-01-14,Mystic River,2003,https://boxd.it/1Au1ZL,,,how 3 pals turn out diferrently and few live,,2021-01-14
2021-01-14,The Pagan Queen,2009,https://boxd.it/1Au1ZV,4,,"Starts with a sati (widow joining her husband on the pyre), btw.
Poignant towards the end and accurate in its description of the fate of her world and Gods.",,2021-01-14
2021-01-14,Ghost Dog: The Way of the Samurai,1999,https://boxd.it/1Au205,4.5,,"""Ghost Dog"", a Mafia hitman, who follows Hagakure lives and dies by his unusual principles.",,2021-01-14
2021-01-14,Thithi,2015,https://boxd.it/1Au20p,5,,"विरक्तं करोति प्रेक्षकम्। यथा तत्र गड्डप्पः सरलः प्रधानः। यौवने धर्मिष्ठः, क्षमावान्। अवर्धयत भ्रातॄन् पुत्रञ्च। अक्षमत श्वशुरेण सह व्यभिचरन्तीं पत्नीं तदीयात्महत्यायाः‌ पुत्रैकघातिन्याः परम्। कट्वनुभवैर् धर्मे ऽर्थे कामे चाजयत तदीय जुगुप्सा। सरलो बाल इव चलितुं बालैस् सहोपद्यूतङ् क्रीडितुम्, मदिराम् पातुम्, अन्यान् तोषयितुं वाञ्छति। निःस्पृहो ऽसौ व्यभिचरन्नपि नाधिकं व्यभिचरति। तत्पुत्रो गृहधर्मार्थप्रधानप्रायः - धर्मं व्यभिचरन्नपि सम्पिपादयिषत्य् अर्थस्थैर्यम्। तत्पौत्रो युवा कामी। द्युतमदिरासक्तः, तरण्यभिगमं वाञ्छति। तत्र ग्रामस्थेषु सञ्चरत्सु च मेषपालेषु पात्र-वैविध्यमपि - मदिराविक्रेत्री धर्मिष्ठाऽपि कठोरा ऋणपूरणे, वञ्चने सिद्धः कायस्थकल्पः, पत्नीतर्जितभीतपतिः, द्यूतवञ्चकः, मेषपालकेषु सुन्दरी… सर्वमेतत् क्रमश आविर्भवति। ""अग्रे किम्"" इति प्रेक्षककौतुकं यथा स्यात्। अन्तेऽपि।",,2021-01-14
2021-01-14,Fight Club,1999,https://boxd.it/1Au20z,5,,"An insomniac office worker, looking for a way to change his life, crosses paths with a devil-may-care soap maker, forming an underground fight club that evolves into a wide anarchist, anti-consumerist anti-self-domestication movement which ends up blowing up credit card debt data. Towards the end the office guy discovers that the soap maker is himself - and he merges with him after a climax. Great story, fine climax. A fine caricature of the problem, if not the solution.",,2021-01-14
2021-01-14,Bicycle Thieves,1948,https://boxd.it/1Au20J,5,,"Italian neorealism. A desperate poor man (who will loose his job if he does not recover his stolen bicycle) and his son search of a bicycle. In final desperation, he tries to steal the bicyle -only to be caught and beaten by a crowd, only to be let off out of pity. Hopeless situation and dire poverty. But the humans are quite genuine and noble - father and mother trying to provide for the family, the kid helping out as he can.",,2021-01-14
2021-01-14,The Man from Earth,2007,https://boxd.it/1Au20T,3.5,,"A professor moving out of town reveals that he has remained unaging since the stone age. People react differently - jealousy, mockery, disbelief, indignant shock at one's beliefs about Jesus being contradicted, heart attack at realizing that one is his son. Fairly predictable once the characters are understood, There are surprises thrown in once in a while - but that may be gleaned by reading at the plot.",,2021-01-14
2021-01-14,The PHD movie,2011,https://boxd.it/1Au21H,5,,PhD comics characters in a movie with an upbeat ending despite being realistic.,,2021-01-14
2021-01-14,Violent Cop,1989,https://boxd.it/1Au21R,4,,"A violent anti-hero (wears a cross, homosexual) clashes with a violent cop with a listless drug addicted sister. Both violate rules and orders to ruthlessly eliminate the opposite side, and are quite comfortable with violence. They end up killing each other starting from a drug-murder trail. The associated rookie cop turns dirty after all this in the final scene. Classic shots. But the rookies turn is rather nihilistic and depressing. Must be watched with care.",,2021-01-14
2021-01-14,Mr. Smith Goes to Washington,1939,https://boxd.it/1Au221,5,,"An naive idealistic boy scout organizer gets nominated to be US senator, faces graft, compromized politicians and businesses in washington, does a filibuster in a public opinion counter-offensive against fake charges designed to expel him 4/4. reminder of the power of ideals, how some ideals should stand despite appearing to be lost causes.",,2021-01-14
2021-01-14,American Beauty,1999,https://boxd.it/1Au22b,5,,"a man in a mid-life crisis gets fired, finds a happy low-paying job, dicovers that his wife is adulterous, his daughter does not respect him while her friend tries to seduce him.",,2021-01-14
2021-01-14,Requiem for a Dream,2000,https://boxd.it/1Au22l,5,,"The disaster of drug addiction as a hapless mother (diet pill addiction), her son (started off pawning his mom's television, arm sawed off in the end to prevent infection spread), his girlfriend (alienated from her family, ends up whoring) and his african american friend (jailed). so caught up that they cannot help themselves - until it is too late. The temptation, desperation, shattered dreams are all shown well.",,2021-01-14
2021-01-14,Mississippi Masala,1991,https://boxd.it/1Au22v,,,indian ugandan american falls for african american.,,2021-01-14
2021-01-14,Gone with the Wind,1939,https://boxd.it/1Au22F,,,"girl of the south at the end of the confederate states of America, romantically purues multiple men, looses family members one after another and finally settles to tend the land.",,2021-01-14
2021-01-14,Lost in Translation,2003,https://boxd.it/1Au22P,,,western girl and dimmming film star in japan,,2021-01-14
2021-01-14,The Grinch,2018,https://boxd.it/1Au22Z,,,fantasy town creatures show grinch christmas spirit,,2021-01-14
2021-01-14,Chocolat,2000,https://boxd.it/1Au239,,,a hyper-christian mayor unable to control his desire for chocolate.,,2021-01-14
2021-01-14,Sankarabharanam,1979,https://boxd.it/1Au23j,5,,शङ्कराभरणप्रवीणः शङ्करशास्त्री चारिणीपुत्र्यै सङ्गीतप्रियायै नर्तक्यै आश्रयम् ददाति। अन्यैः निन्दितस्यापि तस्य नैर्मल्यम् अगेपितः। पाश्चात्यसङ्गीतजनप्रियतायाम् भावनिष्ठशास्त्रीयसङ्गीतस्य अपचयः। चारिणीपुत्र्याः बलात्कारजातपुत्रः तस्य शिश्यः भवति। अन्ते तयायोजिते सङ्गीतोत्सव-गाने एव मृत्युर् युगपत् तस्याश् च शङ्करशास्त्रिणः शिश्यं कङ्कणं बाधतः।,,2021-01-14
2021-01-14,Saptapadi,1981,https://boxd.it/1Au23t,5,,"वृद्धार्चको सपुत्रपौत्रः वसति। दुहित्रा च सङ्गीतज्ञ-जामात्रा पौत्री नर्तकी। सा प्रीणाति हरिजनं वेणुप्रवीणम्। इष्टपतिप्राप्त्यै व्रतालोडं बध्नाति। नर्तकीभक्तिं दृष्ट्वा नर्तनौचित्ये वृद्धस् स्वाभिप्रायं परिवर्तयति। तया धृतपवित्रीकृतनूपुरया दूर्गसूक्त-नृत्येन अद्भुतं दुर्गासेवां कारयति। तदभिप्रायमपृष्ट्वा पौत्रेण गौरीनाथेन सह विवाहं कारयति। पुनर्पुनः स तस्यां मातरं दुर्गां पश्यति। तेन तां न स्पृशति। क्रमेण ताभ्यामवगम्यते देवीमहिमा। तां‌स्नापयित्वा देव्यग्रे स्थापयित्वा प्रियतमाख्यं जानाति। तत्क्षणं गत्वा तम् आनीय स्वपत्नीमर्पयति। वृद्धः तम् औचित्यं अङ्गीकृत्य, शास्त्रवाग्भिः शमयति कृद्धग्रामीणानां विरोधम्। दुर्गासूक्तानुसारं नर्तनम् अत्यद्भुतम्। नृत्येन देवसेवा। गौरीनाथस्य शिखावतः आदर्शव्यवहारः! गोपालकानां केशशैली विस्मयमानयति।",,2021-01-14
2021-01-14,Swarnakamalam,1988,https://boxd.it/1Au23D,4,,"अस्वस्थ-नाट्याचार्यस्य पुत्री, सङ्गीतविदुष्याः भगिनी शास्त्रीयनृत्ये श्रद्धाहीना स्वस्याः सुपूजितनूपुरे अन्धौ पातयति। तं नूपुरम् कूपाद् उन्नीय ददाति कश्चन नाट्यभक्तः। तस्याः चलच्चित्रप्रियायाः अश्रद्धा अभिमानहीनता बहुविषादकर्त्री। इयं घटना कथा-सारवही। मध्ये भिन्नब्राह्मणानां दर्शनम् लभ्यते।",,2021-01-14
2021-01-14,Hamsageethe,1975,https://boxd.it/1Au23N,5,,"सङ्गीतविद्वान् ब्राह्मणः गुरुम् स्पर्धायाम् जित्वा, तदात्महत्यया समाजात् बहिष्कृतः। मदिराप्रिय-वैरागी-गुरोः भैरवीम् अधीते। आस्थान-विद्वान् भवति - क्वचिदहङ्कारात् अपस्वरः। पुनः विरक्तः समाजात्। नृत्यविशारदचारिण्याश्रयम् प्राप्नोति। पश्चात् दैवाग्रे एव गानस्य सङ्कल्पम् कृत्वा निर्मलतमः भवति। तुरुष्काक्रान्ते अपि चित्रदुर्गे म्लेच्छाग्रगानम् तिरस्कृत्य हंसगीतम् गीत्वा जिह्वां त्यजति। शास्त्रीयजीवनस्य पावित्र्यम् नैर्मल्यम् विद्यान्तरविषयात् वैराग्यम् गौरवयुक्तस्तरम् च प्रतिपादयति।",,2021-01-14
2021-01-14,Ananda Bhairavi,1983,https://boxd.it/1Au23X,5,,"कुचिपुडिनाट्याचार्यस्य शिक्षाप्राप्तुम् अनिच्छन्, स्त्रीवेशम् अनिच्छन्, आधुनिकशिक्षाम् इच्छन् पुत्रः मातुः साहाय्येन पित्रानुजया सह वासम् आरभते। खिन्न आचार्यः एकां प्रतिभावतीं नीचजातबालिकाम् तत्पित्रुत्कोचं दत्त्वा पालितुं बोधितुं चारभते। तदसहमानाः अग्रहारज्येष्टास् तं बहिष्कुर्वन्ति। कुपितस् सः पत्नीम् सादेशं त्यक्त्वा ग्रामात् बहिः वासम्, शिक्षाम् अनुवर्तते स्वपितुस् साहाय्येन। बालिका भैरवीति शिक्षानाम्नी उत्तमनर्तकी। बहिष्कारान्ताय नर्तनस्पर्धायां प्रथमं गुरुपितुर्मृत्युवार्तया पराजयमाप्त्वा पश्चात् जयमाप्नुते, गुरुर् गौरवं प्रतिष्ठापयति। अत्रान्तरे नाट्यं तिरस्कुर्वता गुरुपुत्रेण सह प्रेम्णः तिरस्कारः गुरुणा भिन्नव्याजाभ्याम्। कटकम् वञ्चकम् तां दातुम् उद्गतः पराजितो ऽन्यश्रमेण। ततः तस्य मृत्युः। पश्चात् नाट्यविमुखपुत्रः स्वपुत्रं नर्तकं विदधाति। आधुनिकशिक्षितैः काव्यपारङ्गताः सांप्रदायिकाः पण्डिताः अविद्यावन्त इति अभिधीयन्ते!",,2021-01-14
2021-01-14,Paithrukam,1992,https://boxd.it/1Au247,5,,"त्रेताग्निहोत्रिणो नास्तिकपुत्रो ऽन्ततो गत्वा प्रत्यक्षप्रमाणैश् चोदितो स्वद्वेषं त्यक्त्वा मतं परिवर्त्य वैदिकाचारान् परिगृह्णाति। रुचिकराणि पात्राणि। त्रेताग्निहोत्री शान्तो दान्तो ज्ञानवान्, यस्य ज्यौतिषिकानुमानानि न भवन्त्यसत्यानि, यस्य सदाचारे निश्चितं फलम् वृष्टिरक्षाद्यात्मकम्। तत्पुत्रो ऽग्रजन्मा नास्तिक आस्तिकविरोधे प्रतिभटको वेदनिन्दको यस्य कल्पनास् तमन्धीकुर्वन्ति प्रत्यक्षप्रमाणेष्व् आचारफलानम्, असहृदयश्च। तदनुजो मृदुहृदयो ऽल्पायुः कविर् देवालयनर्तक्याम् अनुरक्तः‌ श्रद्धालु, कृतज्ञः। तत्सहचरो मित्रं देवालयसहायकः। अग्रजपत्नी नास्तिक्याद् गर्भनाशाद्यनुभवेनास्तिक्यं प्रति चोदिता श्वशुरगृहाश्रया।",,2021-01-14
2021-01-14,Lagaan: Once Upon a Time in India,2001,https://boxd.it/1Au24h,,,cricket against brits in 1900 gujarat to avoid tax,,2021-01-14
2021-01-14,Rang De Basanti,2006,https://boxd.it/1Au24r,,,"Louts from a Delhi university reprise the roles of the great intellectuals/ revolutionaries led by chandrashEkhar Azad, die spreading a story about a corrupt defence deal, die.",,2021-01-14
2021-01-14,Haré Rama Haré Krishna,1971,https://boxd.it/1Au24B,,,rescue of sister from drug addiction fails.,,2021-01-14
2021-01-14,Magnolia,1999,https://boxd.it/1Au24L,,,"stories about coincidences, materialism, the US civilization where parents and children so easily forsake responsibilities not 4/4. - stopped midway.",,2021-01-14
2021-01-14,Rebel Without a Cause,1955,https://boxd.it/1Au24V,5,,"a sincere young teen from a household (a zoo) with a henpecked husband, of which he is ashamed,who repeatedly trys to prove that he is not 'chicken', whose family moves repeatedly, confronts other violent uncultured teenagers amongst whom peer pressure results in insincerity, befriends an insecure kid from a broken home and falls in love, but looses the kid to violence 4/4. (shRRi~NgAra, hAsya, lajjA, jugupsA, vIra).",,2021-01-14
2021-01-14,The Help,2011,https://boxd.it/1Au255,,,Events in Jackson involving southern white families and their condescending treatment of black maids just before MLK activism cliche and mediocre.,,2021-01-14
2021-01-14,The Kite Runner,2007,https://boxd.it/1Au25f,4,,A writer boy who flees Afghanistan during soviet invasion with dad grows up and marries daughter of refugee general and returns to taliban land via paksitan to rescue (newly known and dead) half-brother's kid. A good intro to the afghan bachChAbAzi culture and pakhTUn-hazAra-dealings. Contrast between a servant boy's courage and the master boy's excess timidity + betrayal. Afghan emigrant conservative elite in US. Priority of social respect in afghAn culture throughout. kashcidvipashcit.wordpress.com/2017/11/05/hindu-reflections-on-the-kite-runner-and-cassandra-effect/,,2021-01-14
2021-01-14,Crocodile Dundee,1986,https://boxd.it/1Au25J,,,outback aborigine raised man encounters big city New York where his simple manners and outback skills aid him,,2021-01-14
2021-01-14,"Tlalocan, Under The City Of Gods",,https://boxd.it/1Au25T,3.5,,"A violent story that follows a few gangsters and a news photographer from their childhood in a Rio De Janeiro slum resettlement to adulthood to their evnetual fate. Some show apalling lack of guilt in murder of all sort of people from a young age - couples, hotel employees, ultimately friends etc.. Eventually a mostly well-meaning victim (ex-marksman from army) who's lost his girl and family is drawn in to a rival gang - and he eventually has to loosen scruples and assist robbery to finance and support the war; in the process creating another child victim who will be his own death. Some cops are corrupt, supplying arms, killing innocents during raid and planting evidence. A numbing look at what bad circumstances can be like. arAjakatA duShTA.",,2021-01-14
2021-01-14,12 Angry Men,1957,https://boxd.it/1Au263,5,,"Jury deciding the fate of one slum boy accused of murder, initially votes guilty 11 to 1 - guilt should be declared only if there is reasonable doubt. One guy thinks there is reasonable doubt, slowly wins over more and more of the opposition, overcoming prejudice against slum-people, against young people; ""don't care"" attitudes, squabbles that get personal, bullying. 4/4.",,2021-01-14
2021-01-14,Django Unchained,2012,https://boxd.it/1Au26d,4,,"Ante-bellum era German dentist turned bounty-hunter frees slave, teams up with him - first to collect bounties, then to help free the slave's german speaking wife Broomhilde. Western style shootouts, capture. Stylized blood splashes in fights. Gory scenes of whipping, castration, chaining, gladiator fights, forced marches of slaves along the way - Contrasted with southern hospitality, charm, miappropriation of European culture (Beethoven, the ironically black Dumas) which irritates the german.",,2021-01-14
2021-01-14,Being There,1979,https://boxd.it/1Au26n,5,,"Chance, a simple illiterate gardener, has never left the estate until his employer dies. By happenstance, he comes into the household of the chief of the powerful Rand corp. His simple TV+gardening utterances are mistaken for profundity. The character remains truthful, calm and contented, unfazed by reverses. Great satire. Fine character.",,2021-01-14
2021-01-14,The Book Thief,2013,https://boxd.it/1Au26x,3,,"Girl in Nazi germany, grows up in adapted family, with sheltered jew Max, sweet neighbor kid Luri - endures Nazi book burning, Jew-round up, conscription of dear ones, bombings, death. narrated by death.",,2021-01-14
2021-01-14,The Big Lebowski,1998,https://boxd.it/1Au26H,5,,"A complex plot whose main purpose is to paint the characters: The dude Lebowski shares name with a millionaire. Goons ruin his rug by mistaken identity. When the millionaire Lebowski's trophy wife is kidnapped, he commissions The Dude to deliver the ransom to secure her release. The plan goes awry when the Dude's friend Walter Sobchak schemes to keep the full ransom. Turns out, there was no kidnapping - merely German nihilist amateurs taking advantage of the wife's trip; that the millionaire did not really send a ransom - merely used opportunity to embezzle funds, that the millionaire is not as successful as he claimed - living on an allowance allowed by his daugher and fellow board member. The trophy wife is a former porn artist in debt to porn film maker. Wonderful character portraits: The dude is very cool, relaxed, unemployed, hence smart and able to figure everything out. Walter Sobchak, vietnam vet, is very uptight about ""rules"" being followed, the Jewish religion he adapted when he married a wife (whom he still cares for) he divorced 5 years ago. Connects everything to 'nam. The cripple ""millionaire"" is full of empty boasts. The feminazi artist daughter just wants a child. Nihilist german amateur goons are no match for Walter. Resort town ""no nonsense here"" police officer, porn film maker etc..",,2021-01-14
2021-01-14,The Seventh Seal,1957,https://boxd.it/1Au26R,4,,"During the Black Death, in Sweden, a disillusioned knight on the way to his castle plays chess with Death personified, who's come to take him. He's got a cynical but hearty squire. They meet along the way a wistful, not-quite-vengeful smith, who's wife has run off (and then returns) with visiting actors. The actors include an acrobat couple with an infant - cheerful, the male being able to see visions. Along the way, Christian society is depicted, with its gruesome beliefs (hell after death) and practices (death cult zealots lashing each other, dragging crosses, burning people at the stake etc..)

Movie is mostly about how different people react to and face death. The knight isnt sure that God or life after death exists; but desperately tries to know (unsuccessfully); seeks to do some meaningful thing. The squire is lively and defiant - only submits to death with a protest. The acrobat couple give it a good pass like ordinary cheerful family people. A jester tries to escape death but fails. A nice fantasy - makes one glad about not being in that dark age and world-view.",,2021-01-14
2021-01-14,Description of a Struggle,1960,https://boxd.it/1Au271,,,This could include action adventures.,,2021-01-14
2021-01-14,V for Vendetta,2005,https://boxd.it/1Au27b,4.5,,Orwell's 1984 reprised with a strong skilled wise disfigured hero with a Guy Fawkes mask whose vengeful schemes spark a revolution - with a bystander girl who is transformed in the process do defiantly hold on dharma beautiful language in dialogues and plot.,,2021-01-14
2021-01-14,Brazil,1985,https://boxd.it/1Au27l,4,,"a love-struck bureaucrat in a bureaucratic dystopia with a plastic-surgery loving mother is processed by the ruthless system upon becoming an outlaw eventually escaping to imagination brilliant visuals, sound, parody.",,2021-01-14
2021-01-14,A Clockwork Orange,1971,https://boxd.it/1Au27v,5,,"An intelligent beethoven loving hoodlum in a society rife with disorder is conditioned to become sick at the thought of fighting and sex, then suffers revenge, then is reverted to being a hoodlum. 4/4.",,2021-01-14
2021-01-14,Total Recall,2012,https://boxd.it/1Au27F,5,,"koato the great, mutants, and arnold schwarzenegger free mars essentially a comment on the 'resource curse' that afflicts nations like Lybia, Saudi Arabia, Brunei. 4/4.",,2021-01-14
2021-01-14,The Manchurian Candidate,2004,https://boxd.it/1Au27P,3.5,,gulf war US team's memory is replaced and behaviors manipulated to make a vice-presidential candidate look like hero - but the attempt is jinxed.,,2021-01-14
2021-01-14,One Flew Over the Cuckoo's Nest,1975,https://boxd.it/1Au27Z,5,,"Thief faking madness rebels against Nurse Mildred's tyranny which keeps patients from healing; does a field trip in a boat, has an orgy before planned escape with a mute Indian chief, gives sexual experience to an insecure voluntary inmate, oversleeps, becomes angry when the nurse spoils the inmate's confidence, chokes her, is lobotomized, gets euthanized by the chief who finally escapes cheered by others. 4/4.",,2021-01-14
2021-01-14,The Bourne Supremacy,2004,https://boxd.it/1Au289,5,,"former CIA covert assassination racketeer tries to frame Bourne, but is trapped by his great skill in escaping stakeouts and by fighting, shooting and driving, multilingual quick brain 4/4.",,2021-01-14
2021-01-14,The Bourne Ultimatum,2007,https://boxd.it/1Au28j,3.5,,"they still try to kill him, he returns and helps expose them using same tactics",,2021-01-14
2021-01-14,Fahrenheit 9/11,2004,https://boxd.it/1Au28t,,,"saudi influence on US politics, vain deaths of US soldiers in the badly justified Iraq war.",,2021-01-14
2021-01-14,Sicko,2007,https://boxd.it/1Au28D,,,moving - but scholastically unsatisfactory- account of the downside of US system of paying for health care using insurance.,,2021-01-14
2021-01-14,Khosla Ka Ghosla!,2006,https://boxd.it/1Au28N,5,,"Property is stolen using forged paperwork. The duped dupe the powerful duper with strong henchmen. The victim's son wants to go to USA, but is vexed by all this. He uses local malla-s to reclaim the land for a short while before corrupt police reverse the situation. Ultimately they con the theif into ""buying"" land belonging to the government after some tense drama. The family becomes closer as a result.",,2021-01-14
2021-01-14,Othello,1951,https://boxd.it/1Au28X,5,,"Magic with just 4 actors playing many different roles. Wonderful pipe music! Much talent and joy compressed in a few actors. The sUtradhAra musician played 3 different pipes as needed. No mikes, they spoke with booming voices from the stomach.",,2021-01-14
2021-01-14,Fiddler on the Roof,1971,https://boxd.it/1Au29L,,,travails of the jews in russia,,2021-01-14
2021-01-14,Dances with Wolves,1990,https://boxd.it/1Au29V,,,the last free sioux and a soldier,,2021-01-14
2021-01-14,The Last of the Mohicans,1992,https://boxd.it/1Au2a5,5,,"two mohicans and a white raised as a mohican participate in the fight against French and twisted Huron mercs on the side of the colonists and british 4/4. - just the tune and the memory of the trio running around makes me want to hike to the limit of considerable hiking abilities in the NE USA mountains, enjoying the cold fresh wind",,2021-01-14
2021-01-14,Seven Years in Tibet,1997,https://boxd.it/1Au2af,,,an austrian photographer falls in love with Tibet.,,2021-01-14
2021-01-14,Xuan Zang,2016,https://boxd.it/1Au2ap,3.5,,"Chinese film with Sanskrit and Hindi dialogs by Indian actors in buddhist roles. A curious depiction of Xuan Zang's quest, with loud observations about India's exoticism, caste inequalities, the heavenly approval of teh Tang emperor.",,2021-01-14
2021-01-14,Tanhaji: The Unsung Warrior,2020,https://boxd.it/1Au2az,4,,"Great visuals. The rival UdayabhAn Singh Rathod, as a pawn of Awrangzeb, is turned into an archetypical sadist highly capable villain - complete with a rAjpUt widow he seeks to convince to marry. Awrangzeb is shown as remote, vain and proud. Shivaji and his mother jIjAbAi are shown emodying great nobility. There are a couple of token good muslims - including a quasi-retard. There are a few strong emotional moments - tAjAji's wife seeking to see both their faces in a mirror, tAnAji insisting on leading the mission despite unwilling shivAji,  tAnAji vowing to make jIjAbAi wear slippers again, shivAji awaiting koNDAna results and rushing out before dawn, tAnAji's wife vowing to perform her son's marriage even if tAnAji should fall.",,2021-01-14
2021-01-14,Hirkani,2019,https://boxd.it/1Au2aJ,4,,"Imbued with feeling of grateful devotion to the shiva-rAja via the simple folk of rAigaDvADi.  Good for woman's day counter-feminazi propaganda too: the woman Hirkani Bai has no stomach for war or adventure - except when she has no choice. The rAjan and his wife are gracious, soldiers sincere. Excellent rasa mixture- vIra, karuNa, bhayAnaka, bhIbhatsa, hAsya, shrNgAra.
One small blemish is the obligatory fake muslim pIr rejoicing at svarAjya during the initial song sequence.",,2021-01-14
2021-01-14,Panipat,2019,https://boxd.it/1Au2aT,3.5,,"Portrays the infamous ""kitchen politics"" of wife of peshvA nAnAsaheb, the sincerity of young vishvAs rAv, the firmness of experienced sadAshiv rAv, the sidelining of raghunAth rAv (rAghoba), loyalty of shamsher bahAdur and muslim cannoneer, treacherous alliance with the jAT-s. The final defeat and loss of hindu women is hinted at, ahmed shAh abdAli is shown to be slightly weary, cunning and barbaric. good account of the war - shadowing along the yamunA, capture of delhi, Abdali daringly crossing the river at bhAgpat, marATha entrapment without food and water.",,2021-01-14
2021-01-14,The Fourth Protocol,1987,https://boxd.it/1Au2b3,,,soviet spy deeply disguised as navy officer sees girlfriend murdered by white house chieftain.,,2021-01-14
2021-01-14,For Richer or Poorer,1997,https://boxd.it/1Au2bd,,,divorce lawyer gets divorced by clever divorce-money babe.,,2021-01-14
2021-01-14,Godhi Banna Sadharana Mykattu,2016,https://boxd.it/1Au2bn,3.5,,"a sweet courageous amnesiac escapes nursing home - guilty son and lady doctor try to find him. ends up with 2 criminals and a corpse. he is then taken into hiding and held with a witness family. while there his sweet words reforms one of the criminals. the boss sends someone to bump them all off - the reformed guy ends up luring the hitman ( also a cop) away and killing him - while himself dying. The other criminal, a junior, avenges this death- the amnesiac is reunited with son. in the meantime, the son has plenty of time to reflect on his filial shortcomings, job-slavedom, loss of small childhood joys (painting), his father's great talent and courage - the love story about how he won his wife in adverse conditions. a bit slow and dragging. good storyline.",,2021-01-14
2021-01-14,Ondu Motteya Kathe,2017,https://boxd.it/1Au2bx,4,,"An awkward bald kannaDa lecturer gets rejected by many matches for being bald; vainly tries flirting twice; finally gets engaged to a fatso he doesn't like due to a misunderstanding - and finally is set to marry her after realizing that she truly loves him. Incidental characters - peon shrInivAsa who is romantically engaged with his dumb wife even after 4 years, mother desperate to find him a wife, romantic brother. principal who ""fines"" miscreants 500Rs. jyautiSha who is moved by tears (and money) to lie. Nice musical. Good exploration of the concepts of ""looks in mate selection"", ""imperfect match"" and ""satisfaction in marriage"" (leading to ""long term happiness"").",,2021-01-14
2021-01-14,Delivery Man,2013,https://boxd.it/1Au2bH,3.5,,Mediocrity-filled sperm donor fathers 500 children. Reconnects with them as they try to unmask him. Fathers another with his new partner.,,2021-01-14
2021-01-14,Mortuary,2005,https://boxd.it/1Au2bR,3.5,,dysfunctional family in the embalming/ cremation business with interesting characters,,2021-01-14
2021-01-14,Casablanca,1942,https://boxd.it/1Au2cv,5,,"In vichy france occupied Casablanca, a clever American resturanteur, a chzeck resistance leader and their common love interest, the latter two of which are helped to flee by the first despite having been let down by the lady in Paris of the past 4/4., good dramatic exposition of the feelings (self pity, dEsha-prEma, vIra, viShAda, rati and shRRi~NgAra) experienced by the three and cunning displayed by one in various situations in Paris and Casablanca.",,2021-01-14
2021-01-14,Evelyn,2002,https://boxd.it/1Au2cF,,,alcoholic irishman fights for child's custody,,2021-01-14
2021-01-14,Life as a House,2001,https://boxd.it/1Au2cP,4,,fired dying architect reconnects to son and wife.,,2021-01-14
2021-01-14,Eternal Sunshine of the Spotless Mind,2004,https://boxd.it/1Au2cZ,5,,"a regular sweet guy and an impulsive girl fall in love, have wonderful experiences, ultimately have a fight. girl and then they guy (hurt by non-recognition) medically erase each other from memory. the guy (sleeping while the procedure happens) changes his mind and tries to fight the erasure by going off the ""experience map"" shared with the doctor earlier by taking his memory of the girl elsewhere. during the procedure, the female assistant realizes the value of memories after she learns that she's had her own memory wiped - and determines to tell all patients about their lost memories. but the girl and the guy somehow retain an inkling that they're missing something - happen to meet and fall in love again. they then learn about their negative feelings about each other from tape sent by the doctor's assistant. somehow make up and live happily. great adventure in memory zone. quite sweet. brings home the realist message of the inevitable surfacing imperfections and irritations in a couple - and the rewards that await if they overcome it (with pain).",,2021-01-14
2021-01-14,The Great Passage,2016,https://boxd.it/1Au2d9,5,,"Introverted dictionary editor Mishima, his two dedicated seniors, the extrovert PR guy collaborate beautifully. At home (run by a sushi cook's grandmother), Mishima finds love with the shushi cook.",,2021-01-14
2021-01-14,The Dictator,2012,https://boxd.it/1Au2dj,5,,"The heroic story of a dictator who risked his life to ensure that democracy would never come to the country he so lovingly oppressed. Visits New York, gets kidnapped, beard goes, works in a shop, finally gets his place back.",,2021-01-14
2021-01-14,The Dictator,2012,https://boxd.it/1Au2dt,,,ridiculous hitler,,2021-01-14
2021-01-14,The Ladykillers,2004,https://boxd.it/1Au2dD,,,latin professor and thief team decimate themselves,,2021-01-14
2021-01-14,Men in Black,1997,https://boxd.it/1Au2dN,,,save us from alien immigration,,2021-01-14
2021-01-14,I Spy,2002,https://boxd.it/1Au2e7,,,spy in east europe with funny boxer stops sale of invisible plane to terrorists.,,2021-01-14
2021-01-14,Bean,1997,https://boxd.it/1Au2eh,,,the screw-up genius art expert (sic),,2021-01-14
2021-01-14,Mars Attacks!,1996,https://boxd.it/1Au2er,,,comically fierce martian invaders get splattered with music.,,2021-01-14
2021-01-14,Harold & Kumar Go to White Castle,2004,https://boxd.it/1Au2eB,,,chinese and indian american dopeheads blunder to newcastle burger place.,,2021-01-14
2021-01-14,Jo Bole So Nihaal,2005,https://boxd.it/1Au2eL,,,a honest punjAbi policeman goes to amErica to catch terrorist weak plot.,,2021-01-14
2021-01-14,The Blues Brothers,1980,https://boxd.it/1Au2eV,2.5,,two weird blues singers put together their band to raise money for their orphanage's tax bill,,2021-01-14
2021-01-14,Galaxy Quest,1999,https://boxd.it/1Au2f5,,,parody on star trek involving naive ever-smiling aliens recreating starfleet based on television broadcasts.,,2021-01-14
2021-01-14,The Three Stooges,2012,https://boxd.it/1Au2ff,5,,Graucho marx and his brothers!,,2021-01-14
2021-01-14,Takeshi's Castle Vol. 1,2009,https://boxd.it/1Au2fz,,,Japanese individual obstacle filled race.,,2021-01-14
2021-01-14,Return of the Jedi,1983,https://boxd.it/1AubT9,4,,the movies present intriguing and effective reliance on instinct and noble (rather than dark) emotions - they miss the fact that both are useful and natural in their appropriate place.,,
2021-01-14,Star Wars: The Force Awakens,2015,https://boxd.it/1AucqH,3,,"Hans Solo and Leia estranged, their son a sith lord. Empire against the republic. Luke run away and being sought by everyone. A rehash of episode 4, essentially. Entirely predictable. A child's game. Not much juice too. Some shRngAra - lovers tension. Attempted delivery of thrill of superb flying, which fails to thrill anymore (where's the suspense?). PS: Did not watch 3D.",,
